{
  "template" : "idx-action-interne-*",
  "order": 10,
  "settings" : {
    "number_of_shards" : 5,
    "number_of_replicas" : 2
  },
  "aliases" : {
    "action-interne" : {}
  },
  "mappings" : {
    "action-interne" : {
      "_source" : { "enabled" : true },
      "_all": { "enabled": false },
      "properties": {
        "id": { "index": "not_analyzed", "type": "string" },
        "sys_origine": { "index": "not_analyzed", "type": "string" },
        "annee_mois": { "type": "long" },
        "id_dim_temps": { "type": "long" },
        "timestamp": { "format": "yyyy-MM-dd'T'HH:mm:ss", "type": "date" },
        "date_idx": { "format": "yyyy-MM-dd'T'HH:mm:ss", "type": "date" },
        "code_operation": { "index": "not_analyzed", "type": "string" },
        "code_sous_operation": { "index": "not_analyzed", "type": "string" },
        "libelle_operation": { "index": "not_analyzed", "type": "string" },
        "libelle_sous_operation": { "index": "not_analyzed", "type": "string" },
        "session_id": { "index": "not_analyzed", "type": "string" },
        "adresse_ip": { "index": "not_analyzed", "type": "string" },
        "contact_id": { "type": "long" },
        "id_web": { "type": "long" }, 
        "nom_client": { "index": "not_analyzed", "type": "string" },
        "prenom_client": { "index": "not_analyzed", "type": "string" },
        "login_user": { "index": "not_analyzed", "type": "string" },
        "login_web_pcc": { "index": "not_analyzed", "type": "string" },
        "nom_user": { "index": "not_analyzed", "type": "string" },
        "prenom_user": { "index": "not_analyzed", "type": "string" },
        "nom_service_utilisateur": { "index": "not_analyzed", "type": "string" },
        "id_compte": { "index": "not_analyzed", "type": "string" },
        "type_fraude": { "index": "not_analyzed", "type": "string" },
        "param_fraude": { "index": "not_analyzed", "type": "string" },
        "suspect_client_vip": { "index": "analyzed", "store": true, "type": "boolean" },
        "suspect_client_employe": { "index": "analyzed", "store": true, "type": "boolean" },
        "suspect_client_en_cours": { "index": "analyzed", "store": true, "type": "boolean" },
        "suspect_client_heure": { "index": "analyzed", "store": true, "type": "boolean" }
      }
    }
  }
}
