,Code_postal,Salaire_net_horaire_moyen_en_2014_euro
0,1000.0,12.4
1,1090.0,14.8
2,1100.0,12.1
3,1110.0,12.0
4,1120.0,14.2
5,1130.0,12.1
6,1140.0,13.1
7,1150.0,13.8
8,1160.0,12.9
9,1170.0,12.6
10,1190.0,12.0
11,1200.0,11.5
12,1210.0,12.8
13,1220.0,16.7
14,1230.0,11.7
15,1250.0,14.0
16,1280.0,14.3
17,1300.0,12.4
18,1310.0,13.1
19,1320.0,13.7
20,1330.0,13.3
21,1340.0,12.0
22,1350.0,12.3
23,1360.0,13.4
24,1370.0,12.7
25,1380.0,13.0
26,1390.0,15.0
27,1400.0,13.2
28,1440.0,13.3
29,1460.0,12.4
30,1480.0,13.9
31,1500.0,13.2
32,1540.0,12.4
33,1550.0,12.8
34,1570.0,12.4
35,1580.0,12.9
36,1600.0,14.5
37,1620.0,13.5
38,1630.0,12.4
39,1640.0,12.7
40,1660.0,12.5
41,1700.0,13.6
42,1710.0,13.5
43,1800.0,15.3
44,1810.0,12.4
45,1851.0,12.7
46,1960.0,13.4
47,2000.0,11.4
48,2100.0,12.3
49,2110.0,11.3
50,2120.0,11.4
51,2130.0,11.9
52,2140.0,12.2
53,2150.0,10.6
54,2170.0,12.6
55,2190.0,13.3
56,2200.0,11.8
57,2220.0,12.1
58,2230.0,12.0
59,2250.0,12.4
60,2300.0,12.3
61,2310.0,12.6
62,2370.0,12.4
63,2400.0,12.4
64,2410.0,12.6
65,2430.0,12.2
66,2460.0,13.0
67,2470.0,11.8
68,2500.0,11.1
69,2600.0,12.9
70,2700.0,12.0
71,2800.0,10.6
72,2830.0,10.8
73,2840.0,12.4
74,2880.0,12.0
75,3000.0,11.6
76,3100.0,11.7
77,3110.0,13.9
78,3120.0,10.9
79,3150.0,11.3
80,3160.0,11.9
81,3200.0,12.4
82,3260.0,11.6
83,3270.0,12.5
84,3290.0,11.8
85,3300.0,12.2
86,3310.0,13.9
87,3320.0,10.6
88,3380.0,11.9
89,3400.0,12.5
90,3410.0,12.4
91,3430.0,11.7
92,3500.0,11.8
93,3600.0,12.0
94,3630.0,12.3
95,3700.0,13.5
96,3800.0,11.8
97,4000.0,11.7
98,4100.0,13.4
99,4130.0,13.2
100,4160.0,12.5
101,4180.0,13.7
102,4190.0,11.9
103,4200.0,12.9
104,4210.0,12.4
105,4220.0,13.5
106,4300.0,11.7
107,4310.0,12.5
108,4400.0,11.0
109,4700.0,13.1
110,4800.0,12.8
111,4860.0,16.9
112,5000.0,12.2
113,5100.0,12.0
114,5120.0,12.2
115,5130.0,11.4
116,5200.0,11.7
117,5230.0,12.2
118,5300.0,11.6
119,5400.0,12.1
120,5500.0,12.0
121,5600.0,11.7
122,6000.0,13.2
123,6110.0,13.3
124,6130.0,14.4
125,6140.0,15.7
126,6190.0,12.9
127,6210.0,14.0
128,6220.0,13.5
129,6230.0,15.2
130,6240.0,11.8
131,6250.0,17.0
132,6270.0,15.4
133,6310.0,13.3
134,6320.0,17.2
135,6330.0,22.3
136,6340.0,12.4
137,6360.0,14.3
138,6370.0,17.5
139,6380.0,12.1
140,6390.0,13.3
141,6400.0,13.2
142,6410.0,20.0
143,6430.0,11.6
144,6440.0,12.6
145,6460.0,14.2
146,6480.0,18.3
147,6500.0,11.7
148,6510.0,13.4
149,6530.0,15.3
150,6540.0,11.8
151,6550.0,15.5
152,6560.0,19.1
153,6570.0,18.6
154,6580.0,14.3
155,6600.0,14.9
156,6610.0,17.2
157,6620.0,17.0
158,6640.0,17.2
159,6650.0,20.8
160,6670.0,13.2
161,6690.0,13.6
162,6700.0,14.2
163,6730.0,12.7
164,6740.0,19.0
165,6780.0,15.0
166,6790.0,16.8
167,6800.0,14.2
168,6810.0,15.6
169,7000.0,12.2
170,7100.0,12.2
171,7120.0,10.5
172,7130.0,13.1
173,7140.0,11.2
174,7150.0,11.7
175,7160.0,13.2
176,7170.0,12.1
177,7200.0,11.7
178,7210.0,13.1
179,7220.0,13.5
180,7250.0,12.0
181,7270.0,10.9
182,7300.0,12.9
183,7320.0,11.2
184,7350.0,14.5
185,7370.0,12.5
186,7400.0,12.4
187,7430.0,13.0
188,7500.0,13.4
189,7600.0,11.3
190,7700.0,13.6
191,7800.0,11.8
192,8000.0,12.5
193,8110.0,11.7
194,8120.0,11.6
195,8140.0,12.9
196,8160.0,12.3
197,8170.0,11.1
198,8200.0,11.8
199,8210.0,12.7
200,8230.0,11.9
201,8300.0,11.9
202,8320.0,15.0
203,8330.0,12.6
204,8350.0,12.2
205,8400.0,11.7
206,8440.0,13.1
207,8500.0,12.0
208,8600.0,13.9
209,8700.0,11.9
210,8800.0,12.1
211,9000.0,12.4
212,9100.0,11.9
213,9120.0,12.1
214,9200.0,11.7
215,9210.0,12.4
216,9270.0,12.4
217,9300.0,11.0
218,9340.0,13.0
219,9400.0,12.1
220,9500.0,12.0
221,9600.0,11.4
222,9700.0,12.5
223,10000.0,11.8
224,10100.0,11.6
225,10110.0,11.4
226,10120.0,12.5
227,10140.0,11.1
228,10150.0,12.0
229,10160.0,11.2
230,10200.0,11.6
231,10300.0,12.9
232,10370.0,12.8
233,10400.0,14.5
234,10410.0,12.6
235,10420.0,11.4
236,10430.0,13.7
237,10440.0,14.7
238,10500.0,11.7
239,10600.0,11.1
240,10700.0,11.6
241,10800.0,12.9
242,11000.0,11.8
243,11100.0,12.2
244,11110.0,11.7
245,11130.0,11.7
246,11150.0,11.5
247,11160.0,11.0
248,11200.0,11.4
249,11210.0,11.3
250,11300.0,11.2
251,11370.0,11.3
252,11400.0,11.9
253,11430.0,11.9
254,11500.0,11.0
255,11560.0,11.8
256,11570.0,13.1
257,11590.0,11.5
258,11600.0,11.7
259,11610.0,11.7
260,11620.0,12.9
261,11800.0,11.5
262,12000.0,12.6
263,12100.0,11.8
264,12110.0,11.7
265,12150.0,11.4
266,12160.0,12.0
267,12170.0,12.1
268,12200.0,11.6
269,12240.0,11.1
270,12300.0,11.6
271,12330.0,13.2
272,12340.0,12.1
273,12400.0,11.9
274,12450.0,12.5
275,12500.0,11.5
276,12510.0,13.2
277,12700.0,12.1
278,12740.0,12.8
279,12850.0,12.5
280,13000.0,13.8
281,13001.0,13.8
282,13002.0,13.8
283,13003.0,13.8
284,13004.0,13.8
285,13005.0,13.8
286,13006.0,13.8
287,13007.0,13.8
288,13008.0,13.8
289,13090.0,16.1
290,13100.0,19.1
291,13103.0,14.5
292,13105.0,17.0
293,13109.0,17.0
294,13110.0,12.8
295,13111.0,17.4
296,13112.0,14.7
297,13119.0,15.3
298,13120.0,13.3
299,13122.0,20.2
300,13124.0,15.4
301,13127.0,13.2
302,13130.0,12.1
303,13140.0,12.6
304,13150.0,12.1
305,13160.0,12.7
306,13170.0,14.6
307,13180.0,13.9
308,13190.0,16.0
309,13200.0,12.5
310,13210.0,13.4
311,13220.0,13.9
312,13230.0,13.7
313,13240.0,13.1
314,13250.0,14.6
315,13260.0,16.9
316,13270.0,14.1
317,13300.0,14.1
318,13310.0,13.8
319,13320.0,17.8
320,13330.0,16.7
321,13340.0,13.9
322,13350.0,14.0
323,13360.0,15.8
324,13370.0,14.2
325,13380.0,15.1
326,13390.0,15.2
327,13400.0,13.4
328,13410.0,15.6
329,13420.0,17.7
330,13430.0,15.5
331,13440.0,12.8
332,13450.0,16.6
333,13460.0,10.5
334,13470.0,15.4
335,13480.0,19.6
336,13490.0,15.6
337,13500.0,14.3
338,13510.0,20.1
339,13520.0,14.2
340,13530.0,15.0
341,13550.0,13.4
342,13560.0,13.5
343,13570.0,13.9
344,13580.0,15.7
345,13590.0,16.5
346,13600.0,14.4
347,13610.0,15.6
348,13620.0,19.9
349,13630.0,13.0
350,13640.0,13.0
351,13650.0,15.8
352,13660.0,12.8
353,13670.0,12.2
354,13680.0,15.8
355,13690.0,12.7
356,13700.0,13.2
357,13710.0,16.4
358,13720.0,15.9
359,13730.0,13.0
360,13740.0,14.9
361,13750.0,12.9
362,13760.0,17.0
363,13770.0,17.3
364,13780.0,14.3
365,13790.0,15.6
366,13800.0,13.9
367,13820.0,17.8
368,13821.0,13.9
369,13830.0,15.2
370,13840.0,17.3
371,13850.0,16.0
372,13860.0,14.3
373,13870.0,13.4
374,13880.0,17.3
375,13890.0,14.5
376,13910.0,13.1
377,13920.0,16.1
378,13940.0,14.2
379,13950.0,15.4
380,13960.0,18.2
381,13980.0,15.7
382,13990.0,14.3
383,14000.0,13.0
384,14100.0,11.5
385,14110.0,11.8
386,14111.0,14.2
387,14112.0,18.5
388,14120.0,11.8
389,14123.0,12.1
390,14130.0,11.7
391,14140.0,11.2
392,14150.0,13.7
393,14160.0,11.0
394,14170.0,10.9
395,14200.0,11.8
396,14220.0,12.2
397,14230.0,11.5
398,14260.0,11.8
399,14270.0,11.4
400,14280.0,12.3
401,14290.0,11.6
402,14310.0,11.6
403,14320.0,13.2
404,14330.0,11.5
405,14360.0,12.7
406,14370.0,12.2
407,14390.0,12.8
408,14400.0,12.1
409,14430.0,10.6
410,14440.0,14.4
411,14460.0,11.3
412,14470.0,12.3
413,14500.0,11.4
414,14510.0,13.1
415,14520.0,11.7
416,14530.0,14.8
417,14540.0,13.4
418,14550.0,12.4
419,14600.0,12.8
420,14640.0,12.8
421,14650.0,12.7
422,14670.0,12.8
423,14700.0,11.5
424,14730.0,11.9
425,14740.0,13.6
426,14750.0,13.9
427,14760.0,15.2
428,14780.0,14.2
429,14790.0,13.7
430,14800.0,11.8
431,14810.0,13.7
432,14840.0,12.8
433,14880.0,14.5
434,14970.0,15.5
435,14990.0,13.7
436,15000.0,11.6
437,15100.0,11.1
438,15130.0,12.3
439,15200.0,11.1
440,15400.0,11.4
441,15600.0,10.9
442,16000.0,13.0
443,16100.0,12.9
444,16110.0,11.7
445,16120.0,12.0
446,16130.0,12.2
447,16160.0,12.4
448,16200.0,12.6
449,16220.0,11.3
450,16260.0,11.5
451,16270.0,11.4
452,16300.0,12.2
453,16340.0,13.0
454,16370.0,13.8
455,16400.0,11.9
456,16430.0,13.6
457,16440.0,12.1
458,16470.0,12.1
459,16500.0,12.2
460,16590.0,12.7
461,16600.0,12.6
462,16700.0,11.2
463,16710.0,13.9
464,16730.0,13.4
465,16800.0,12.4
466,17000.0,13.2
467,17100.0,12.5
468,17110.0,12.9
469,17120.0,10.8
470,17130.0,11.8
471,17132.0,12.0
472,17137.0,12.7
473,17138.0,13.3
474,17139.0,14.0
475,17140.0,15.1
476,17160.0,11.4
477,17170.0,12.1
478,17180.0,14.8
479,17190.0,11.4
480,17200.0,11.9
481,17220.0,13.3
482,17230.0,11.7
483,17260.0,11.7
484,17290.0,12.3
485,17300.0,11.9
486,17310.0,11.1
487,17320.0,11.1
488,17340.0,14.3
489,17350.0,10.3
490,17390.0,11.5
491,17400.0,11.8
492,17410.0,12.1
493,17420.0,13.0
494,17430.0,11.8
495,17440.0,12.7
496,17450.0,13.5
497,17480.0,11.3
498,17500.0,11.3
499,17530.0,10.7
500,17540.0,12.8
501,17550.0,11.6
502,17560.0,11.2
503,17580.0,13.3
504,17600.0,10.7
505,17610.0,12.8
506,17620.0,12.1
507,17630.0,13.0
508,17640.0,13.7
509,17690.0,14.0
510,17700.0,11.9
511,17740.0,14.0
512,17750.0,11.4
513,17780.0,12.4
514,17800.0,11.1
515,17810.0,12.8
516,17920.0,12.4
517,17940.0,13.9
518,18000.0,13.0
519,18100.0,11.5
520,18110.0,12.5
521,18120.0,13.1
522,18130.0,12.3
523,18150.0,12.3
524,18200.0,10.8
525,18230.0,14.4
526,18370.0,11.3
527,18390.0,12.0
528,18400.0,12.2
529,18410.0,12.1
530,18500.0,11.9
531,18520.0,11.0
532,18570.0,13.3
533,18600.0,11.0
534,18700.0,12.0
535,19000.0,11.8
536,19100.0,12.5
537,19110.0,11.0
538,19130.0,12.3
539,19140.0,11.8
540,19200.0,11.7
541,19210.0,11.8
542,19240.0,12.2
543,19250.0,11.6
544,19270.0,13.1
545,19300.0,11.6
546,19360.0,12.5
547,19400.0,11.9
548,19460.0,13.3
549,19600.0,13.0
550,21000.0,13.4
551,21110.0,12.4
552,21120.0,13.1
553,21121.0,17.1
554,21130.0,11.8
555,21140.0,12.4
556,21150.0,11.8
557,21160.0,13.7
558,21200.0,13.2
559,21210.0,11.2
560,21220.0,13.1
561,21240.0,14.8
562,21250.0,11.6
563,21260.0,13.0
564,21300.0,11.6
565,21310.0,12.5
566,21370.0,12.9
567,21400.0,11.5
568,21470.0,12.5
569,21490.0,17.9
570,21500.0,11.8
571,21560.0,15.5
572,21600.0,12.1
573,21700.0,13.0
574,21800.0,12.7
575,21850.0,14.3
576,22000.0,12.4
577,22100.0,11.6
578,22110.0,11.6
579,22120.0,12.0
580,22130.0,11.0
581,22140.0,11.6
582,22150.0,11.5
583,22160.0,11.4
584,22170.0,11.8
585,22190.0,14.4
586,22200.0,11.6
587,22210.0,11.4
588,22220.0,10.8
589,22230.0,11.3
590,22250.0,11.8
591,22300.0,12.2
592,22310.0,13.1
593,22350.0,11.3
594,22360.0,13.0
595,22370.0,13.8
596,22380.0,12.8
597,22390.0,11.6
598,22400.0,11.7
599,22410.0,13.7
600,22420.0,11.8
601,22430.0,12.7
602,22440.0,12.2
603,22470.0,12.1
604,22490.0,11.9
605,22500.0,12.1
606,22520.0,14.7
607,22530.0,11.8
608,22540.0,11.7
609,22560.0,14.9
610,22580.0,12.3
611,22590.0,13.9
612,22600.0,11.7
613,22610.0,11.9
614,22620.0,13.2
615,22640.0,11.4
616,22650.0,11.7
617,22680.0,13.4
618,22690.0,13.1
619,22700.0,14.8
620,22710.0,13.3
621,22730.0,14.6
622,22800.0,11.6
623,22860.0,11.8
624,22940.0,12.4
625,22950.0,12.5
626,22960.0,12.1
627,22970.0,12.2
628,23000.0,12.1
629,23200.0,10.3
630,23300.0,12.2
631,23400.0,10.5
632,24000.0,12.2
633,24100.0,11.7
634,24110.0,11.4
635,24120.0,11.9
636,24130.0,12.1
637,24150.0,12.3
638,24190.0,11.2
639,24200.0,11.1
640,24260.0,11.0
641,24290.0,12.1
642,24300.0,11.4
643,24310.0,11.6
644,24400.0,11.6
645,24430.0,11.7
646,24460.0,11.9
647,24480.0,11.3
648,24490.0,11.9
649,24500.0,11.0
650,24600.0,11.7
651,24650.0,13.1
652,24660.0,12.4
653,24680.0,12.0
654,24700.0,11.6
655,24750.0,12.1
656,24800.0,11.3
657,25000.0,12.6
658,25110.0,12.3
659,25120.0,11.5
660,25130.0,11.8
661,25140.0,13.3
662,25150.0,12.4
663,25200.0,11.8
664,25210.0,12.1
665,25220.0,13.0
666,25230.0,13.1
667,25250.0,12.3
668,25270.0,11.6
669,25290.0,12.7
670,25300.0,11.7
671,25310.0,12.1
672,25320.0,14.0
673,25350.0,11.9
674,25400.0,11.8
675,25410.0,12.5
676,25420.0,14.0
677,25460.0,13.8
678,25480.0,13.8
679,25490.0,12.6
680,25500.0,11.6
681,25550.0,13.7
682,25600.0,11.6
683,25660.0,13.8
684,25700.0,12.3
685,25720.0,14.2
686,25770.0,13.7
687,25800.0,11.8
688,26000.0,13.0
689,26100.0,12.5
690,26110.0,11.4
691,26120.0,14.3
692,26130.0,16.6
693,26140.0,12.2
694,26150.0,11.3
695,26170.0,11.7
696,26190.0,11.5
697,26200.0,13.6
698,26210.0,12.3
699,26220.0,12.3
700,26240.0,12.0
701,26250.0,12.6
702,26260.0,12.8
703,26270.0,12.7
704,26290.0,13.2
705,26300.0,12.5
706,26320.0,13.4
707,26380.0,14.2
708,26400.0,12.0
709,26500.0,13.0
710,26540.0,14.1
711,26600.0,12.4
712,26700.0,13.6
713,26740.0,14.3
714,26760.0,14.3
715,26780.0,13.6
716,26800.0,12.1
717,27000.0,12.6
718,27100.0,11.9
719,27110.0,12.7
720,27120.0,14.2
721,27130.0,12.4
722,27140.0,12.8
723,27150.0,12.6
724,27160.0,11.3
725,27170.0,12.4
726,27180.0,14.1
727,27190.0,12.1
728,27200.0,15.0
729,27210.0,12.8
730,27220.0,12.1
731,27250.0,12.3
732,27300.0,12.7
733,27310.0,13.6
734,27320.0,12.0
735,27340.0,14.0
736,27370.0,15.1
737,27400.0,13.1
738,27470.0,11.7
739,27500.0,11.8
740,27520.0,14.2
741,27530.0,13.2
742,27540.0,13.2
743,27590.0,12.9
744,27600.0,12.8
745,27610.0,13.0
746,27620.0,13.6
747,27670.0,14.6
748,27690.0,14.0
749,27700.0,12.4
750,27750.0,13.9
751,27800.0,12.1
752,27930.0,12.7
753,27940.0,13.0
754,27950.0,15.2
755,28000.0,14.1
756,28100.0,12.0
757,28110.0,11.9
758,28120.0,12.4
759,28130.0,14.6
760,28150.0,11.7
761,28160.0,11.5
762,28170.0,12.1
763,28190.0,12.9
764,28200.0,11.7
765,28210.0,13.9
766,28220.0,12.4
767,28230.0,14.2
768,28240.0,11.5
769,28250.0,11.9
770,28260.0,14.4
771,28300.0,12.8
772,28320.0,14.8
773,28350.0,12.6
774,28380.0,12.4
775,28390.0,12.9
776,28400.0,11.8
777,28500.0,12.4
778,28570.0,16.5
779,28600.0,15.3
780,28630.0,15.2
781,28700.0,13.4
782,28800.0,12.5
783,29000.0,12.9
784,29100.0,11.9
785,29120.0,11.7
786,29140.0,11.6
787,29150.0,11.5
788,29160.0,11.6
789,29170.0,13.0
790,29180.0,12.4
791,29190.0,11.6
792,29200.0,12.5
793,29217.0,15.0
794,29233.0,11.5
795,29250.0,11.8
796,29260.0,11.9
797,29270.0,11.5
798,29280.0,13.6
799,29290.0,12.9
800,29300.0,12.4
801,29340.0,12.4
802,29350.0,13.0
803,29360.0,14.0
804,29370.0,11.9
805,29380.0,11.7
806,29390.0,11.0
807,29400.0,11.9
808,29410.0,11.3
809,29420.0,11.1
810,29430.0,11.4
811,29450.0,12.3
812,29460.0,13.8
813,29470.0,14.1
814,29480.0,15.3
815,29490.0,13.6
816,29500.0,13.4
817,29510.0,11.3
818,29520.0,11.5
819,29530.0,11.3
820,29550.0,11.7
821,29560.0,11.6
822,29570.0,11.7
823,29590.0,11.7
824,29600.0,12.1
825,29610.0,12.4
826,29620.0,11.3
827,29630.0,12.6
828,29640.0,11.8
829,29660.0,16.8
830,29670.0,12.1
831,29680.0,13.4
832,29700.0,12.5
833,29710.0,11.4
834,29720.0,12.1
835,29730.0,11.0
836,29740.0,12.3
837,29750.0,13.8
838,29760.0,11.7
839,29770.0,11.8
840,29780.0,11.8
841,29800.0,12.8
842,29810.0,13.0
843,29820.0,13.2
844,29830.0,11.9
845,29850.0,13.9
846,29860.0,12.5
847,29870.0,12.3
848,29880.0,12.1
849,29890.0,12.1
850,29900.0,12.8
851,29910.0,13.0
852,29920.0,13.2
853,29930.0,12.2
854,29940.0,14.7
855,29950.0,14.0
856,30000.0,12.6
857,30100.0,11.3
858,30110.0,10.4
859,30120.0,10.5
860,30126.0,15.0
861,30127.0,12.5
862,30128.0,12.6
863,30129.0,12.5
864,30130.0,13.9
865,30131.0,17.2
866,30132.0,14.0
867,30133.0,15.5
868,30140.0,11.5
869,30150.0,13.1
870,30160.0,10.8
871,30170.0,11.1
872,30190.0,12.0
873,30200.0,13.7
874,30210.0,11.4
875,30220.0,12.6
876,30230.0,12.7
877,30240.0,11.9
878,30250.0,13.0
879,30260.0,12.2
880,30270.0,10.8
881,30290.0,14.7
882,30300.0,11.8
883,30310.0,14.1
884,30320.0,12.0
885,30340.0,12.0
886,30380.0,12.2
887,30390.0,14.6
888,30400.0,18.4
889,30420.0,14.2
890,30470.0,13.7
891,30490.0,12.8
892,30500.0,11.4
893,30510.0,12.8
894,30520.0,11.4
895,30540.0,12.1
896,30560.0,12.2
897,30600.0,12.2
898,30620.0,12.3
899,30640.0,13.0
900,30650.0,15.0
901,30660.0,13.6
902,30670.0,14.4
903,30700.0,12.4
904,30740.0,12.9
905,30800.0,11.6
906,30820.0,14.2
907,30840.0,13.1
908,30870.0,14.3
909,30920.0,13.9
910,30980.0,15.9
911,31000.0,14.8
912,31110.0,10.2
913,31120.0,14.1
914,31130.0,17.6
915,31140.0,13.2
916,31150.0,13.4
917,31170.0,19.6
918,31180.0,16.7
919,31190.0,13.0
920,31210.0,11.5
921,31220.0,12.9
922,31240.0,15.9
923,31250.0,12.8
924,31270.0,14.9
925,31280.0,17.3
926,31290.0,14.0
927,31310.0,13.0
928,31320.0,15.5
929,31330.0,14.4
930,31340.0,12.5
931,31370.0,12.9
932,31380.0,17.0
933,31390.0,13.1
934,31410.0,13.3
935,31450.0,14.2
936,31460.0,13.6
937,31470.0,14.3
938,31490.0,17.0
939,31520.0,15.2
940,31550.0,13.1
941,31560.0,13.3
942,31590.0,15.1
943,31600.0,13.6
944,31620.0,14.1
945,31650.0,16.3
946,31660.0,13.0
947,31670.0,16.0
948,31700.0,15.6
949,31750.0,17.6
950,31770.0,15.7
951,31780.0,14.1
952,31790.0,13.6
953,31800.0,12.0
954,31810.0,14.0
955,31820.0,21.9
956,31830.0,16.9
957,31840.0,16.6
958,31850.0,16.7
959,31860.0,14.7
960,31870.0,14.4
961,31880.0,16.1
962,32000.0,12.1
963,32100.0,11.2
964,32120.0,13.4
965,32130.0,13.4
966,32190.0,11.5
967,32200.0,12.6
968,32220.0,12.4
969,32300.0,11.3
970,32500.0,11.1
971,32550.0,12.8
972,32600.0,14.9
973,32700.0,11.7
974,32800.0,11.7
975,33000.0,14.8
976,33110.0,16.6
977,33112.0,12.2
978,33114.0,14.0
979,33120.0,14.3
980,33121.0,12.8
981,33127.0,16.2
982,33130.0,13.1
983,33133.0,12.8
984,33138.0,14.4
985,33140.0,12.8
986,33150.0,11.5
987,33160.0,15.7
988,33170.0,15.1
989,33185.0,15.8
990,33190.0,10.8
991,33210.0,11.9
992,33220.0,11.6
993,33230.0,11.3
994,33240.0,13.0
995,33250.0,11.9
996,33260.0,13.0
997,33270.0,12.4
998,33290.0,14.1
999,33310.0,11.3
1000,33320.0,13.7
1001,33340.0,11.1
1002,33350.0,11.0
1003,33360.0,15.4
1004,33370.0,13.7
1005,33380.0,12.9
1006,33390.0,15.2
1007,33400.0,13.9
1008,33410.0,11.7
1009,33430.0,12.5
1010,33440.0,12.5
1011,33450.0,13.7
1012,33460.0,12.0
1013,33470.0,13.2
1014,33480.0,12.8
1015,33490.0,12.6
1016,33500.0,12.7
1017,33510.0,15.5
1018,33520.0,14.6
1019,33530.0,12.2
1020,33550.0,12.9
1021,33560.0,13.4
1022,33600.0,14.9
1023,33610.0,14.8
1024,33620.0,11.9
1025,33640.0,13.6
1026,33650.0,13.1
1027,33660.0,10.9
1028,33670.0,12.3
1029,33680.0,13.0
1030,33700.0,14.4
1031,33710.0,12.5
1032,33720.0,12.4
1033,33740.0,13.9
1034,33750.0,12.1
1035,33770.0,13.5
1036,33780.0,11.2
1037,33810.0,12.0
1038,33820.0,13.6
1039,33830.0,13.1
1040,33850.0,16.0
1041,33870.0,13.6
1042,33880.0,13.7
1043,33910.0,11.8
1044,33920.0,11.9
1045,33930.0,12.1
1046,33950.0,15.0
1047,33980.0,13.2
1048,33990.0,12.2
1049,34000.0,13.0
1050,34001.0,13.0
1051,34002.0,13.0
1052,34003.0,13.0
1053,34004.0,13.0
1054,34005.0,13.0
1055,34006.0,13.0
1056,34007.0,13.0
1057,34008.0,13.0
1058,34009.0,13.0
1059,34010.0,13.0
1060,34011.0,13.0
1061,34012.0,13.0
1062,34013.0,13.0
1063,34014.0,13.0
1064,34015.0,13.0
1065,34016.0,13.0
1066,34017.0,13.0
1067,34018.0,13.0
1068,34019.0,13.0
1069,34020.0,13.0
1070,34021.0,13.0
1071,34022.0,13.0
1072,34023.0,13.0
1073,34024.0,13.0
1074,34025.0,13.0
1075,34026.0,13.0
1076,34027.0,13.0
1077,34028.0,13.0
1078,34029.0,13.0
1079,34030.0,13.0
1080,34031.0,13.0
1081,34032.0,13.0
1082,34033.0,13.0
1083,34034.0,13.0
1084,34035.0,13.0
1085,34036.0,13.0
1086,34037.0,13.0
1087,34038.0,13.0
1088,34039.0,13.0
1089,34040.0,13.0
1090,34041.0,13.0
1091,34042.0,13.0
1092,34043.0,13.0
1093,34044.0,13.0
1094,34045.0,13.0
1095,34046.0,13.0
1096,34047.0,13.0
1097,34048.0,13.0
1098,34049.0,13.0
1099,34050.0,13.0
1100,34051.0,13.0
1101,34052.0,13.0
1102,34053.0,13.0
1103,34054.0,13.0
1104,34055.0,13.0
1105,34056.0,13.0
1106,34057.0,13.0
1107,34058.0,13.0
1108,34059.0,13.0
1109,34060.0,13.0
1110,34061.0,13.0
1111,34062.0,13.0
1112,34063.0,13.0
1113,34064.0,13.0
1114,34065.0,13.0
1115,34066.0,13.0
1116,34067.0,13.0
1117,34068.0,13.0
1118,34069.0,13.0
1119,34070.0,13.0
1120,34071.0,13.0
1121,34072.0,13.0
1122,34073.0,13.0
1123,34074.0,13.0
1124,34075.0,13.0
1125,34076.0,13.0
1126,34077.0,13.0
1127,34078.0,13.0
1128,34079.0,13.0
1129,34080.0,13.0
1130,34081.0,13.0
1131,34082.0,13.0
1132,34083.0,13.0
1133,34084.0,13.0
1134,34085.0,13.0
1135,34086.0,13.0
1136,34087.0,13.0
1137,34088.0,13.0
1138,34089.0,13.0
1139,34090.0,13.0
1140,34091.0,13.0
1141,34092.0,13.0
1142,34093.0,13.0
1143,34094.0,13.0
1144,34095.0,13.0
1145,34096.0,13.0
1146,34097.0,13.0
1147,34098.0,13.0
1148,34099.0,13.0
1149,34100.0,13.0
1150,34101.0,13.0
1151,34102.0,13.0
1152,34103.0,13.0
1153,34104.0,13.0
1154,34105.0,13.0
1155,34106.0,13.0
1156,34107.0,13.0
1157,34108.0,13.0
1158,34109.0,13.0
1159,34110.0,12.3
1160,34111.0,13.0
1161,34112.0,13.0
1162,34113.0,13.0
1163,34114.0,13.0
1164,34115.0,13.0
1165,34116.0,13.0
1166,34117.0,13.0
1167,34118.0,13.0
1168,34119.0,13.0
1169,34120.0,11.6
1170,34121.0,13.0
1171,34122.0,13.0
1172,34123.0,13.0
1173,34124.0,13.0
1174,34125.0,13.0
1175,34126.0,13.0
1176,34127.0,13.0
1177,34128.0,13.0
1178,34129.0,13.0
1179,34130.0,13.0
1180,34131.0,13.0
1181,34132.0,13.0
1182,34133.0,13.0
1183,34134.0,13.0
1184,34135.0,13.0
1185,34136.0,13.0
1186,34137.0,13.0
1187,34138.0,13.0
1188,34139.0,13.0
1189,34140.0,12.6
1190,34141.0,13.0
1191,34142.0,13.0
1192,34143.0,13.0
1193,34144.0,13.0
1194,34145.0,13.0
1195,34146.0,13.0
1196,34147.0,13.0
1197,34148.0,13.0
1198,34149.0,13.0
1199,34150.0,12.7
1200,34151.0,13.0
1201,34152.0,13.0
1202,34153.0,13.0
1203,34154.0,13.0
1204,34155.0,13.0
1205,34156.0,13.0
1206,34157.0,13.0
1207,34158.0,13.0
1208,34159.0,13.0
1209,34160.0,13.0
1210,34161.0,13.0
1211,34162.0,13.0
1212,34163.0,13.0
1213,34164.0,13.0
1214,34165.0,13.0
1215,34166.0,13.0
1216,34167.0,13.0
1217,34168.0,13.0
1218,34169.0,13.0
1219,34170.0,13.0
1220,34171.0,13.0
1221,34172.0,13.0
1222,34173.0,13.0
1223,34174.0,13.0
1224,34175.0,13.0
1225,34176.0,13.0
1226,34177.0,13.0
1227,34178.0,13.0
1228,34179.0,13.0
1229,34180.0,13.0
1230,34181.0,13.0
1231,34182.0,13.0
1232,34183.0,13.0
1233,34184.0,13.0
1234,34185.0,13.0
1235,34186.0,13.0
1236,34187.0,13.0
1237,34188.0,13.0
1238,34189.0,13.0
1239,34190.0,10.9
1240,34191.0,13.0
1241,34192.0,13.0
1242,34193.0,13.0
1243,34194.0,13.0
1244,34195.0,13.0
1245,34196.0,13.0
1246,34197.0,13.0
1247,34198.0,13.0
1248,34199.0,13.0
1249,34200.0,12.2
1250,34220.0,11.5
1251,34230.0,11.3
1252,34240.0,12.9
1253,34250.0,13.0
1254,34270.0,14.7
1255,34280.0,13.4
1256,34290.0,12.3
1257,34300.0,11.7
1258,34310.0,12.0
1259,34340.0,11.3
1260,34350.0,11.8
1261,34370.0,11.9
1262,34380.0,13.2
1263,34400.0,12.0
1264,34410.0,12.3
1265,34420.0,11.8
1266,34430.0,16.4
1267,34440.0,11.9
1268,34450.0,11.4
1269,34460.0,11.8
1270,34470.0,15.6
1271,34480.0,12.3
1272,34490.0,12.2
1273,34500.0,11.8
1274,34510.0,11.6
1275,34530.0,11.6
1276,34540.0,13.0
1277,34550.0,11.9
1278,34560.0,12.5
1279,34570.0,14.3
1280,34590.0,13.0
1281,34600.0,11.4
1282,34620.0,11.7
1283,34630.0,11.6
1284,34660.0,13.2
1285,34670.0,13.7
1286,34680.0,14.5
1287,34690.0,13.5
1288,34700.0,11.2
1289,34710.0,12.2
1290,34720.0,12.1
1291,34725.0,12.7
1292,34730.0,15.5
1293,34740.0,14.3
1294,34750.0,13.7
1295,34760.0,13.8
1296,34770.0,12.7
1297,34790.0,13.9
1298,34800.0,12.1
1299,34810.0,12.2
1300,34820.0,17.0
1301,34830.0,14.6
1302,34880.0,13.6
1303,34920.0,15.0
1304,34970.0,15.5
1305,34980.0,18.3
1306,34990.0,14.8
1307,35000.0,14.0
1308,35111.0,11.1
1309,35113.0,12.6
1310,35120.0,11.7
1311,35130.0,11.7
1312,35131.0,14.4
1313,35132.0,14.0
1314,35133.0,11.7
1315,35135.0,14.2
1316,35136.0,12.3
1317,35137.0,13.3
1318,35140.0,12.8
1319,35150.0,12.8
1320,35160.0,12.7
1321,35170.0,15.8
1322,35190.0,12.6
1323,35220.0,13.6
1324,35230.0,13.7
1325,35235.0,16.9
1326,35240.0,11.9
1327,35250.0,13.0
1328,35260.0,13.6
1329,35270.0,12.5
1330,35290.0,11.6
1331,35300.0,12.0
1332,35310.0,12.7
1333,35320.0,12.8
1334,35330.0,11.9
1335,35340.0,13.1
1336,35350.0,12.2
1337,35360.0,12.8
1338,35370.0,12.6
1339,35380.0,12.1
1340,35390.0,12.2
1341,35400.0,13.2
1342,35410.0,14.1
1343,35420.0,10.9
1344,35430.0,12.6
1345,35440.0,12.6
1346,35450.0,12.0
1347,35460.0,11.3
1348,35470.0,12.5
1349,35480.0,11.7
1350,35490.0,12.3
1351,35500.0,12.2
1352,35510.0,17.6
1353,35520.0,14.5
1354,35530.0,13.7
1355,35540.0,11.2
1356,35550.0,11.5
1357,35580.0,12.3
1358,35590.0,13.2
1359,35600.0,12.5
1360,35630.0,13.3
1361,35640.0,11.9
1362,35650.0,14.6
1363,35680.0,11.5
1364,35690.0,14.8
1365,35720.0,12.1
1366,35730.0,12.7
1367,35740.0,16.2
1368,35750.0,12.3
1369,35760.0,15.3
1370,35770.0,15.0
1371,35780.0,14.9
1372,35800.0,14.2
1373,35830.0,15.8
1374,35850.0,12.0
1375,35890.0,13.1
1376,36000.0,12.2
1377,36100.0,12.1
1378,36110.0,11.2
1379,36120.0,12.6
1380,36130.0,12.4
1381,36150.0,11.4
1382,36200.0,11.9
1383,36210.0,11.5
1384,36250.0,13.0
1385,36260.0,11.7
1386,36300.0,11.1
1387,36320.0,11.6
1388,36330.0,13.8
1389,36400.0,11.8
1390,36500.0,11.2
1391,36600.0,11.3
1392,36700.0,10.9
1393,37000.0,13.4
1394,37110.0,11.2
1395,37130.0,12.5
1396,37140.0,13.5
1397,37150.0,12.8
1398,37160.0,12.1
1399,37170.0,13.9
1400,37190.0,13.6
1401,37210.0,13.9
1402,37230.0,14.4
1403,37240.0,10.5
1404,37250.0,13.0
1405,37260.0,13.8
1406,37270.0,13.8
1407,37300.0,12.9
1408,37320.0,13.1
1409,37360.0,14.1
1410,37380.0,13.7
1411,37390.0,14.2
1412,37400.0,13.0
1413,37420.0,16.6
1414,37500.0,14.2
1415,37510.0,15.1
1416,37520.0,12.5
1417,37530.0,12.5
1418,37540.0,16.7
1419,37550.0,17.4
1420,37600.0,12.0
1421,37700.0,12.3
1422,37800.0,11.8
1423,38000.0,14.7
1424,38070.0,12.9
1425,38080.0,13.7
1426,38090.0,12.7
1427,38110.0,12.5
1428,38120.0,16.3
1429,38130.0,13.0
1430,38140.0,13.1
1431,38150.0,13.5
1432,38160.0,12.3
1433,38170.0,14.5
1434,38180.0,18.5
1435,38190.0,14.5
1436,38200.0,13.7
1437,38210.0,14.1
1438,38220.0,13.0
1439,38230.0,12.1
1440,38240.0,20.0
1441,38250.0,13.3
1442,38260.0,13.3
1443,38270.0,11.6
1444,38280.0,16.1
1445,38290.0,13.3
1446,38300.0,13.1
1447,38320.0,15.4
1448,38330.0,20.4
1449,38340.0,15.8
1450,38350.0,12.0
1451,38360.0,15.0
1452,38370.0,14.6
1453,38380.0,13.4
1454,38390.0,12.4
1455,38400.0,13.1
1456,38410.0,18.6
1457,38420.0,14.1
1458,38430.0,14.4
1459,38440.0,13.1
1460,38450.0,14.9
1461,38460.0,14.7
1462,38470.0,13.0
1463,38480.0,12.9
1464,38490.0,12.3
1465,38500.0,14.3
1466,38510.0,13.8
1467,38520.0,13.2
1468,38530.0,13.8
1469,38540.0,14.3
1470,38550.0,12.1
1471,38560.0,14.4
1472,38570.0,14.5
1473,38580.0,13.9
1474,38590.0,13.0
1475,38600.0,12.9
1476,38610.0,15.1
1477,38620.0,14.1
1478,38630.0,12.8
1479,38640.0,19.1
1480,38660.0,16.9
1481,38670.0,12.9
1482,38690.0,13.7
1483,38700.0,18.4
1484,38760.0,16.0
1485,38780.0,12.4
1486,38790.0,14.4
1487,38800.0,12.7
1488,38830.0,14.7
1489,38850.0,14.9
1490,38870.0,12.8
1491,38890.0,14.6
1492,38950.0,14.3
1493,38960.0,16.7
1494,39000.0,12.0
1495,39100.0,12.5
1496,39110.0,10.7
1497,39160.0,11.8
1498,39170.0,12.5
1499,39200.0,11.4
1500,39220.0,13.2
1501,39260.0,11.7
1502,39300.0,11.5
1503,39400.0,10.9
1504,39500.0,13.3
1505,39570.0,12.6
1506,39600.0,12.0
1507,39800.0,12.3
1508,40000.0,12.0
1509,40100.0,11.8
1510,40110.0,11.3
1511,40130.0,13.4
1512,40140.0,12.7
1513,40150.0,15.8
1514,40160.0,11.8
1515,40180.0,11.8
1516,40190.0,11.6
1517,40200.0,12.2
1518,40210.0,11.1
1519,40220.0,12.7
1520,40230.0,11.9
1521,40270.0,11.1
1522,40280.0,12.1
1523,40300.0,12.0
1524,40350.0,12.5
1525,40370.0,11.8
1526,40390.0,12.8
1527,40400.0,12.0
1528,40440.0,14.0
1529,40460.0,13.3
1530,40465.0,12.0
1531,40500.0,11.9
1532,40510.0,14.8
1533,40530.0,13.9
1534,40600.0,12.6
1535,40700.0,11.3
1536,40800.0,12.8
1537,40990.0,12.0
1538,41000.0,13.0
1539,41100.0,13.2
1540,41110.0,11.7
1541,41120.0,14.2
1542,41130.0,11.3
1543,41140.0,11.5
1544,41150.0,12.8
1545,41200.0,12.0
1546,41220.0,14.6
1547,41250.0,14.1
1548,41260.0,14.4
1549,41300.0,11.9
1550,41350.0,14.1
1551,41360.0,11.9
1552,41400.0,11.4
1553,41500.0,12.9
1554,41600.0,12.0
1555,41700.0,12.1
1556,41800.0,11.7
1557,42000.0,12.6
1558,42110.0,12.0
1559,42120.0,11.7
1560,42130.0,11.8
1561,42140.0,12.2
1562,42150.0,11.1
1563,42152.0,12.1
1564,42153.0,12.8
1565,42160.0,12.9
1566,42170.0,15.2
1567,42190.0,11.3
1568,42210.0,13.1
1569,42220.0,12.1
1570,42230.0,12.7
1571,42240.0,12.5
1572,42270.0,15.8
1573,42290.0,14.6
1574,42300.0,11.5
1575,42320.0,12.4
1576,42330.0,15.7
1577,42340.0,13.9
1578,42350.0,13.5
1579,42360.0,11.7
1580,42370.0,13.4
1581,42390.0,14.1
1582,42400.0,12.4
1583,42410.0,13.7
1584,42420.0,12.4
1585,42450.0,12.5
1586,42480.0,16.1
1587,42490.0,12.8
1588,42500.0,11.3
1589,42510.0,11.9
1590,42530.0,14.7
1591,42570.0,14.5
1592,42580.0,20.3
1593,42600.0,12.7
1594,42610.0,13.0
1595,42650.0,13.8
1596,42660.0,13.6
1597,42680.0,13.4
1598,42700.0,11.6
1599,42720.0,11.7
1600,42740.0,13.5
1601,42800.0,12.3
1602,43000.0,11.8
1603,43100.0,11.4
1604,43110.0,13.0
1605,43120.0,13.1
1606,43130.0,11.7
1607,43140.0,12.3
1608,43190.0,11.3
1609,43200.0,11.9
1610,43210.0,12.8
1611,43220.0,12.0
1612,43240.0,12.1
1613,43250.0,11.7
1614,43300.0,11.1
1615,43330.0,13.9
1616,43350.0,11.4
1617,43400.0,11.8
1618,43500.0,11.2
1619,43590.0,12.5
1620,43600.0,12.0
1621,43620.0,12.5
1622,43700.0,12.0
1623,43750.0,12.3
1624,43770.0,12.4
1625,44000.0,14.7
1626,44110.0,12.0
1627,44115.0,15.8
1628,44116.0,12.2
1629,44117.0,14.6
1630,44118.0,13.5
1631,44119.0,14.2
1632,44120.0,16.1
1633,44130.0,12.4
1634,44140.0,11.5
1635,44150.0,13.0
1636,44160.0,12.2
1637,44170.0,11.6
1638,44190.0,11.8
1639,44210.0,14.5
1640,44220.0,13.6
1641,44230.0,14.3
1642,44240.0,16.6
1643,44250.0,14.2
1644,44260.0,13.2
1645,44270.0,11.8
1646,44290.0,11.7
1647,44310.0,12.2
1648,44320.0,11.7
1649,44330.0,12.5
1650,44340.0,13.4
1651,44350.0,12.5
1652,44360.0,13.1
1653,44370.0,11.9
1654,44380.0,15.3
1655,44390.0,12.3
1656,44400.0,13.4
1657,44410.0,12.1
1658,44420.0,12.7
1659,44430.0,12.7
1660,44440.0,11.7
1661,44450.0,12.8
1662,44460.0,11.4
1663,44470.0,14.8
1664,44480.0,12.8
1665,44490.0,12.6
1666,44500.0,16.2
1667,44510.0,13.1
1668,44521.0,12.8
1669,44522.0,12.6
1670,44530.0,11.9
1671,44540.0,11.2
1672,44550.0,12.4
1673,44560.0,12.1
1674,44570.0,12.0
1675,44580.0,12.0
1676,44590.0,11.9
1677,44600.0,13.0
1678,44610.0,13.9
1679,44620.0,13.5
1680,44630.0,12.2
1681,44640.0,13.0
1682,44650.0,11.3
1683,44660.0,11.6
1684,44680.0,12.0
1685,44690.0,12.3
1686,44700.0,16.2
1687,44710.0,13.3
1688,44720.0,12.5
1689,44730.0,12.7
1690,44740.0,12.5
1691,44750.0,13.2
1692,44760.0,13.1
1693,44770.0,12.5
1694,44780.0,12.3
1695,44800.0,13.3
1696,44810.0,13.3
1697,44830.0,14.0
1698,44840.0,14.3
1699,44850.0,13.1
1700,44860.0,13.6
1701,44880.0,18.2
1702,44980.0,14.7
1703,45000.0,13.7
1704,45110.0,13.6
1705,45120.0,11.6
1706,45130.0,13.5
1707,45140.0,12.3
1708,45150.0,13.9
1709,45160.0,16.3
1710,45170.0,12.9
1711,45190.0,13.8
1712,45200.0,12.3
1713,45210.0,13.2
1714,45220.0,13.0
1715,45240.0,13.6
1716,45250.0,13.1
1717,45260.0,13.1
1718,45290.0,13.0
1719,45300.0,11.9
1720,45310.0,12.2
1721,45320.0,12.4
1722,45330.0,12.8
1723,45360.0,13.3
1724,45370.0,14.2
1725,45380.0,13.6
1726,45390.0,12.9
1727,45400.0,13.1
1728,45420.0,12.3
1729,45430.0,14.8
1730,45450.0,14.4
1731,45470.0,14.1
1732,45500.0,12.9
1733,45510.0,13.3
1734,45520.0,13.1
1735,45550.0,13.7
1736,45560.0,16.0
1737,45570.0,16.3
1738,45590.0,16.3
1739,45600.0,13.1
1740,45640.0,15.0
1741,45650.0,15.4
1742,45680.0,13.0
1743,45700.0,12.8
1744,45720.0,12.9
1745,45730.0,13.2
1746,45740.0,13.3
1747,45750.0,15.2
1748,45760.0,15.9
1749,45770.0,13.2
1750,45800.0,13.6
1751,46000.0,12.1
1752,46090.0,13.2
1753,46100.0,12.7
1754,46200.0,11.2
1755,46220.0,11.1
1756,46300.0,11.8
1757,46400.0,12.4
1758,46500.0,12.7
1759,46700.0,10.9
1760,47000.0,12.3
1761,47110.0,10.6
1762,47140.0,11.6
1763,47150.0,11.3
1764,47190.0,11.3
1765,47200.0,11.7
1766,47220.0,11.8
1767,47230.0,11.5
1768,47240.0,12.6
1769,47300.0,11.4
1770,47320.0,11.7
1771,47390.0,12.5
1772,47400.0,11.3
1773,47440.0,11.8
1774,47450.0,12.6
1775,47480.0,13.1
1776,47500.0,10.9
1777,47510.0,13.7
1778,47520.0,12.4
1779,47550.0,12.5
1780,47600.0,11.7
1781,47700.0,11.7
1782,47800.0,10.3
1783,48000.0,11.6
1784,48100.0,11.3
1785,48200.0,11.2
1786,48300.0,11.3
1787,48500.0,11.6
1788,49000.0,13.1
1789,49070.0,14.2
1790,49080.0,16.6
1791,49110.0,11.5
1792,49112.0,12.5
1793,49120.0,11.6
1794,49122.0,11.4
1795,49124.0,13.1
1796,49125.0,13.0
1797,49130.0,13.3
1798,49140.0,12.3
1799,49150.0,11.6
1800,49160.0,11.2
1801,49170.0,12.5
1802,49190.0,13.0
1803,49220.0,11.7
1804,49230.0,11.9
1805,49240.0,14.9
1806,49250.0,11.9
1807,49260.0,11.2
1808,49270.0,11.5
1809,49280.0,12.1
1810,49290.0,12.7
1811,49300.0,12.7
1812,49310.0,11.4
1813,49320.0,12.6
1814,49330.0,11.3
1815,49340.0,12.2
1816,49350.0,11.4
1817,49360.0,11.9
1818,49370.0,11.6
1819,49400.0,12.4
1820,49410.0,12.1
1821,49420.0,11.8
1822,49430.0,12.1
1823,49440.0,11.6
1824,49450.0,11.7
1825,49460.0,12.8
1826,49480.0,13.3
1827,49500.0,12.0
1828,49510.0,11.4
1829,49520.0,11.1
1830,49530.0,12.1
1831,49570.0,12.2
1832,49600.0,11.3
1833,49610.0,13.2
1834,49620.0,11.4
1835,49650.0,12.0
1836,49660.0,11.7
1837,49670.0,11.0
1838,49680.0,11.4
1839,49700.0,11.0
1840,49710.0,11.3
1841,49800.0,12.0
1842,50000.0,12.3
1843,50100.0,13.9
1844,50110.0,13.2
1845,50120.0,14.2
1846,50160.0,11.9
1847,50170.0,11.1
1848,50180.0,14.0
1849,50190.0,11.1
1850,50200.0,11.6
1851,50220.0,11.6
1852,50230.0,14.5
1853,50240.0,11.6
1854,50260.0,13.8
1855,50270.0,14.7
1856,50290.0,12.7
1857,50300.0,11.7
1858,50310.0,10.6
1859,50340.0,16.9
1860,50350.0,13.2
1861,50370.0,11.5
1862,50380.0,14.3
1863,50390.0,11.8
1864,50400.0,12.4
1865,50410.0,11.7
1866,50430.0,11.5
1867,50460.0,14.3
1868,50470.0,12.6
1869,50500.0,11.7
1870,50560.0,13.0
1871,50570.0,12.0
1872,50600.0,11.4
1873,50610.0,14.4
1874,50700.0,13.1
1875,50710.0,11.4
1876,50800.0,11.0
1877,50890.0,12.4
1878,51000.0,12.3
1879,51100.0,13.3
1880,51110.0,13.9
1881,51120.0,12.7
1882,51130.0,13.1
1883,51140.0,15.6
1884,51160.0,12.9
1885,51170.0,11.9
1886,51200.0,13.0
1887,51210.0,12.0
1888,51230.0,12.2
1889,51300.0,11.5
1890,51340.0,11.5
1891,51350.0,15.0
1892,51370.0,13.7
1893,51400.0,11.6
1894,51420.0,14.3
1895,51430.0,14.2
1896,51450.0,14.5
1897,51460.0,14.2
1898,51470.0,12.6
1899,51500.0,16.9
1900,51510.0,13.0
1901,51520.0,15.5
1902,51600.0,11.2
1903,51700.0,12.8
1904,51800.0,11.6
1905,52000.0,12.4
1906,52100.0,11.8
1907,52130.0,11.8
1908,52200.0,12.3
1909,52220.0,11.3
1910,52290.0,12.2
1911,52300.0,12.2
1912,52400.0,12.1
1913,52600.0,11.8
1914,52800.0,12.1
1915,53000.0,13.0
1916,53100.0,12.3
1917,53110.0,12.0
1918,53120.0,10.9
1919,53150.0,11.8
1920,53170.0,11.8
1921,53200.0,12.1
1922,53210.0,12.3
1923,53230.0,11.5
1924,53240.0,12.2
1925,53260.0,12.3
1926,53300.0,11.6
1927,53360.0,11.2
1928,53400.0,12.1
1929,53410.0,12.0
1930,53500.0,11.3
1931,53600.0,11.7
1932,53700.0,11.3
1933,53800.0,11.1
1934,53810.0,14.9
1935,53940.0,12.6
1936,53950.0,12.7
1937,53960.0,14.1
1938,53970.0,13.4
1939,54000.0,14.1
1940,54110.0,12.3
1941,54120.0,12.6
1942,54130.0,13.6
1943,54135.0,13.4
1944,54136.0,13.8
1945,54140.0,12.4
1946,54150.0,12.8
1947,54180.0,15.7
1948,54190.0,11.6
1949,54200.0,12.0
1950,54210.0,12.8
1951,54220.0,14.1
1952,54230.0,12.4
1953,54240.0,11.8
1954,54250.0,13.0
1955,54260.0,11.4
1956,54270.0,13.3
1957,54280.0,13.7
1958,54300.0,11.8
1959,54310.0,11.8
1960,54320.0,11.9
1961,54340.0,11.9
1962,54350.0,11.3
1963,54360.0,12.7
1964,54380.0,12.6
1965,54390.0,12.5
1966,54400.0,11.4
1967,54410.0,13.8
1968,54420.0,14.3
1969,54430.0,11.9
1970,54440.0,11.3
1971,54460.0,13.7
1972,54500.0,12.5
1973,54510.0,12.8
1974,54520.0,14.5
1975,54530.0,13.1
1976,54560.0,13.0
1977,54570.0,11.9
1978,54580.0,12.0
1979,54590.0,12.6
1980,54600.0,15.7
1981,54630.0,15.2
1982,54640.0,12.6
1983,54670.0,13.0
1984,54690.0,17.7
1985,54700.0,12.9
1986,54710.0,15.3
1987,54720.0,13.0
1988,54750.0,12.5
1989,54800.0,12.3
1990,54810.0,11.7
1991,54840.0,14.8
1992,54860.0,12.0
1993,54910.0,13.4
1994,55000.0,12.3
1995,55100.0,12.1
1996,55140.0,11.8
1997,55170.0,12.5
1998,55200.0,11.8
1999,55240.0,11.6
2000,55300.0,12.9
2001,55400.0,11.3
2002,55430.0,12.0
2003,55500.0,12.3
2004,55600.0,11.6
2005,55700.0,11.9
2006,55800.0,11.9
2007,55840.0,12.1
2008,56000.0,13.6
2009,56100.0,12.4
2010,56110.0,11.2
2011,56120.0,11.6
2012,56130.0,11.6
2013,56140.0,12.7
2014,56150.0,11.8
2015,56170.0,11.4
2016,56190.0,11.1
2017,56200.0,11.8
2018,56220.0,11.4
2019,56230.0,11.9
2020,56240.0,11.2
2021,56250.0,12.0
2022,56260.0,19.4
2023,56270.0,15.0
2024,56290.0,13.0
2025,56300.0,12.0
2026,56320.0,11.6
2027,56330.0,11.9
2028,56340.0,12.2
2029,56350.0,11.7
2030,56360.0,11.0
2031,56370.0,12.7
2032,56380.0,12.2
2033,56390.0,12.1
2034,56400.0,12.2
2035,56410.0,12.3
2036,56420.0,11.2
2037,56430.0,11.3
2038,56440.0,11.8
2039,56450.0,13.3
2040,56460.0,11.4
2041,56480.0,11.8
2042,56500.0,11.3
2043,56510.0,12.1
2044,56520.0,14.8
2045,56530.0,12.7
2046,56550.0,12.3
2047,56560.0,11.1
2048,56570.0,12.7
2049,56580.0,12.2
2050,56590.0,11.5
2051,56600.0,11.8
2052,56610.0,16.4
2053,56620.0,12.1
2054,56640.0,12.4
2055,56650.0,11.9
2056,56660.0,11.2
2057,56670.0,12.4
2058,56680.0,12.9
2059,56690.0,12.0
2060,56700.0,11.9
2061,56800.0,12.1
2062,56830.0,13.2
2063,56850.0,12.9
2064,56860.0,13.7
2065,56870.0,15.8
2066,56880.0,13.8
2067,56890.0,12.7
2068,56910.0,11.4
2069,56920.0,12.3
2070,56930.0,11.8
2071,56950.0,13.0
2072,57000.0,13.3
2073,57050.0,14.1
2074,57070.0,15.8
2075,57100.0,13.7
2076,57110.0,12.7
2077,57111.0,13.7
2078,57113.0,12.4
2079,57118.0,13.1
2080,57120.0,12.1
2081,57130.0,12.3
2082,57140.0,12.1
2083,57145.0,13.1
2084,57150.0,12.1
2085,57157.0,16.2
2086,57158.0,13.0
2087,57159.0,12.8
2088,57160.0,13.6
2089,57170.0,11.7
2090,57175.0,12.5
2091,57176.0,14.6
2092,57180.0,13.0
2093,57190.0,12.2
2094,57200.0,12.6
2095,57210.0,12.3
2096,57220.0,12.3
2097,57230.0,11.5
2098,57240.0,11.6
2099,57250.0,11.8
2100,57260.0,12.3
2101,57270.0,11.7
2102,57290.0,12.0
2103,57300.0,12.2
2104,57310.0,12.3
2105,57320.0,12.4
2106,57330.0,13.9
2107,57340.0,12.2
2108,57350.0,11.2
2109,57360.0,12.4
2110,57370.0,13.5
2111,57380.0,12.2
2112,57390.0,11.9
2113,57400.0,12.1
2114,57410.0,13.9
2115,57430.0,13.4
2116,57440.0,11.7
2117,57444.0,13.1
2118,57450.0,10.8
2119,57460.0,10.6
2120,57470.0,11.8
2121,57490.0,11.5
2122,57500.0,13.2
2123,57510.0,12.3
2124,57520.0,13.2
2125,57525.0,11.7
2126,57530.0,13.7
2127,57540.0,12.3
2128,57550.0,12.7
2129,57570.0,14.8
2130,57580.0,13.3
2131,57600.0,11.8
2132,57650.0,12.5
2133,57680.0,15.3
2134,57690.0,12.6
2135,57700.0,13.6
2136,57730.0,11.8
2137,57740.0,13.8
2138,57800.0,11.4
2139,57850.0,12.7
2140,57860.0,13.0
2141,57880.0,12.5
2142,57890.0,13.7
2143,57910.0,13.7
2144,58000.0,12.2
2145,58120.0,11.2
2146,58130.0,12.0
2147,58160.0,12.0
2148,58180.0,14.5
2149,58200.0,12.9
2150,58240.0,11.7
2151,58260.0,11.4
2152,58300.0,11.6
2153,58320.0,13.2
2154,58400.0,11.9
2155,58500.0,11.2
2156,58600.0,11.4
2157,58640.0,12.5
2158,58660.0,13.3
2159,59000.0,14.1
2160,59100.0,11.7
2161,59110.0,15.4
2162,59111.0,12.7
2163,59112.0,13.9
2164,59113.0,13.7
2165,59114.0,13.5
2166,59115.0,13.8
2167,59116.0,12.6
2168,59117.0,14.5
2169,59118.0,15.9
2170,59119.0,11.2
2171,59120.0,12.0
2172,59121.0,12.4
2173,59122.0,13.0
2174,59123.0,13.8
2175,59124.0,11.4
2176,59125.0,12.0
2177,59126.0,14.7
2178,59127.0,11.7
2179,59128.0,12.1
2180,59129.0,11.6
2181,59130.0,17.1
2182,59131.0,13.2
2183,59132.0,11.1
2184,59133.0,15.4
2185,59134.0,15.3
2186,59135.0,12.4
2187,59136.0,14.0
2188,59137.0,12.0
2189,59138.0,11.9
2190,59139.0,13.7
2191,59140.0,13.2
2192,59141.0,11.7
2193,59142.0,11.2
2194,59143.0,12.5
2195,59144.0,14.5
2196,59145.0,12.8
2197,59146.0,12.1
2198,59147.0,15.8
2199,59148.0,13.9
2200,59149.0,13.1
2201,59150.0,11.5
2202,59151.0,12.7
2203,59152.0,18.4
2204,59153.0,13.5
2205,59154.0,12.1
2206,59155.0,13.9
2207,59157.0,11.5
2208,59161.0,13.0
2209,59162.0,11.9
2210,59163.0,11.3
2211,59164.0,11.8
2212,59165.0,12.1
2213,59166.0,14.0
2214,59167.0,12.0
2215,59168.0,12.2
2216,59170.0,15.2
2217,59171.0,12.5
2218,59172.0,11.9
2219,59173.0,12.5
2220,59174.0,12.5
2221,59175.0,14.3
2222,59176.0,11.9
2223,59177.0,11.4
2224,59178.0,13.7
2225,59179.0,12.4
2226,59180.0,12.8
2227,59181.0,13.0
2228,59182.0,12.7
2229,59184.0,14.1
2230,59185.0,13.2
2231,59186.0,11.3
2232,59187.0,11.5
2233,59190.0,12.4
2234,59192.0,11.4
2235,59193.0,12.9
2236,59194.0,13.0
2237,59195.0,12.2
2238,59198.0,12.2
2239,59199.0,13.2
2240,59200.0,12.0
2241,59210.0,12.6
2242,59211.0,15.6
2243,59212.0,11.1
2244,59215.0,12.0
2245,59218.0,12.1
2246,59220.0,11.0
2247,59221.0,12.7
2248,59223.0,14.7
2249,59224.0,12.7
2250,59226.0,15.0
2251,59229.0,15.7
2252,59230.0,12.8
2253,59232.0,14.5
2254,59233.0,13.8
2255,59234.0,12.4
2256,59235.0,16.8
2257,59236.0,14.3
2258,59237.0,18.4
2259,59239.0,14.6
2260,59241.0,12.2
2261,59242.0,15.5
2262,59243.0,12.8
2263,59245.0,12.0
2264,59246.0,15.9
2265,59250.0,13.0
2266,59251.0,14.4
2267,59253.0,12.6
2268,59254.0,13.8
2269,59260.0,14.5
2270,59261.0,13.1
2271,59262.0,18.7
2272,59263.0,14.9
2273,59264.0,12.4
2274,59267.0,13.5
2275,59270.0,13.0
2276,59273.0,15.4
2277,59278.0,11.3
2278,59279.0,13.9
2279,59280.0,11.8
2280,59282.0,11.9
2281,59283.0,13.9
2282,59286.0,12.7
2283,59287.0,12.1
2284,59290.0,16.6
2285,59293.0,11.8
2286,59299.0,13.4
2287,59300.0,12.5
2288,59310.0,13.2
2289,59320.0,12.5
2290,59330.0,11.4
2291,59350.0,14.2
2292,59360.0,10.8
2293,59370.0,13.0
2294,59380.0,13.8
2295,59390.0,12.9
2296,59400.0,12.5
2297,59410.0,11.1
2298,59420.0,18.3
2299,59440.0,11.3
2300,59450.0,12.0
2301,59460.0,12.4
2302,59470.0,13.8
2303,59480.0,12.2
2304,59490.0,12.0
2305,59491.0,14.8
2306,59492.0,14.8
2307,59494.0,12.2
2308,59495.0,14.8
2309,59496.0,12.9
2310,59500.0,12.7
2311,59510.0,15.5
2312,59520.0,14.2
2313,59530.0,12.3
2314,59540.0,11.5
2315,59550.0,11.4
2316,59551.0,15.9
2317,59552.0,13.2
2318,59553.0,13.7
2319,59554.0,12.1
2320,59560.0,13.1
2321,59570.0,12.3
2322,59580.0,11.6
2323,59590.0,11.7
2324,59600.0,12.0
2325,59610.0,11.3
2326,59620.0,12.0
2327,59630.0,12.6
2328,59660.0,12.5
2329,59670.0,14.7
2330,59680.0,13.8
2331,59690.0,11.4
2332,59700.0,19.1
2333,59710.0,14.7
2334,59720.0,11.2
2335,59730.0,11.5
2336,59750.0,12.6
2337,59760.0,11.9
2338,59770.0,13.0
2339,59780.0,15.2
2340,59790.0,13.6
2341,59810.0,14.7
2342,59820.0,15.2
2343,59830.0,16.5
2344,59840.0,13.4
2345,59850.0,13.8
2346,59860.0,11.6
2347,59870.0,14.4
2348,59880.0,14.0
2349,59890.0,14.3
2350,59910.0,22.7
2351,59920.0,11.5
2352,59930.0,13.8
2353,59940.0,12.7
2354,59950.0,11.7
2355,59960.0,13.8
2356,59970.0,12.0
2357,59980.0,11.9
2358,59990.0,14.3
2359,60000.0,12.5
2360,60100.0,11.7
2361,60110.0,12.9
2362,60120.0,11.6
2363,60130.0,11.6
2364,60140.0,12.5
2365,60150.0,13.1
2366,60160.0,11.8
2367,60170.0,13.0
2368,60180.0,12.6
2369,60190.0,13.5
2370,60200.0,14.2
2371,60210.0,11.9
2372,60220.0,11.5
2373,60230.0,14.2
2374,60240.0,13.9
2375,60250.0,12.1
2376,60260.0,22.0
2377,60270.0,20.3
2378,60280.0,14.6
2379,60290.0,12.7
2380,60300.0,19.1
2381,60320.0,13.3
2382,60330.0,15.0
2383,60340.0,14.1
2384,60350.0,13.3
2385,60360.0,11.8
2386,60370.0,12.3
2387,60390.0,12.9
2388,60400.0,12.3
2389,60410.0,14.1
2390,60420.0,12.2
2391,60430.0,13.2
2392,60440.0,14.4
2393,60460.0,17.4
2394,60500.0,17.8
2395,60510.0,12.3
2396,60520.0,17.5
2397,60530.0,14.1
2398,60540.0,13.9
2399,60550.0,16.4
2400,60560.0,19.6
2401,60570.0,13.7
2402,60580.0,21.0
2403,60590.0,12.5
2404,60600.0,13.1
2405,60610.0,15.8
2406,60660.0,12.4
2407,60700.0,13.4
2408,60730.0,13.7
2409,60740.0,13.0
2410,60750.0,17.0
2411,60800.0,14.1
2412,60820.0,15.2
2413,60870.0,13.1
2414,60880.0,15.5
2415,60930.0,12.9
2416,61000.0,11.8
2417,61100.0,11.9
2418,61120.0,11.2
2419,61140.0,13.8
2420,61200.0,11.2
2421,61230.0,11.7
2422,61250.0,12.7
2423,61300.0,11.7
2424,61400.0,11.7
2425,61430.0,12.2
2426,61500.0,10.8
2427,61600.0,11.3
2428,61700.0,10.6
2429,61800.0,11.6
2430,62000.0,13.3
2431,62100.0,12.0
2432,62110.0,12.1
2433,62112.0,12.5
2434,62113.0,12.3
2435,62114.0,11.9
2436,62117.0,13.1
2437,62118.0,12.3
2438,62119.0,12.3
2439,62120.0,12.4
2440,62122.0,12.7
2441,62126.0,12.9
2442,62129.0,13.0
2443,62130.0,11.4
2444,62131.0,12.7
2445,62136.0,14.6
2446,62137.0,13.0
2447,62138.0,12.0
2448,62140.0,11.5
2449,62141.0,11.9
2450,62143.0,12.8
2451,62149.0,12.0
2452,62150.0,12.0
2453,62151.0,12.0
2454,62152.0,16.8
2455,62153.0,13.8
2456,62155.0,13.1
2457,62157.0,13.0
2458,62160.0,10.9
2459,62161.0,15.0
2460,62170.0,12.5
2461,62172.0,13.8
2462,62176.0,11.6
2463,62180.0,12.4
2464,62190.0,12.3
2465,62200.0,11.5
2466,62210.0,11.7
2467,62215.0,15.3
2468,62217.0,12.5
2469,62218.0,12.0
2470,62219.0,12.0
2471,62220.0,12.1
2472,62221.0,11.3
2473,62223.0,12.2
2474,62224.0,11.6
2475,62230.0,11.4
2476,62231.0,14.4
2477,62232.0,13.2
2478,62240.0,11.5
2479,62250.0,12.2
2480,62260.0,11.4
2481,62280.0,12.5
2482,62290.0,11.6
2483,62300.0,11.8
2484,62310.0,10.5
2485,62320.0,11.5
2486,62330.0,12.3
2487,62340.0,11.8
2488,62350.0,13.3
2489,62360.0,12.2
2490,62370.0,13.2
2491,62380.0,12.0
2492,62390.0,11.2
2493,62400.0,13.0
2494,62410.0,11.9
2495,62420.0,11.4
2496,62430.0,11.1
2497,62440.0,11.9
2498,62450.0,11.3
2499,62460.0,11.4
2500,62470.0,11.5
2501,62480.0,11.0
2502,62490.0,13.1
2503,62500.0,12.1
2504,62510.0,12.0
2505,62520.0,16.7
2506,62530.0,12.0
2507,62540.0,11.1
2508,62570.0,12.1
2509,62575.0,11.8
2510,62580.0,14.4
2511,62590.0,12.0
2512,62600.0,11.4
2513,62610.0,13.0
2514,62620.0,11.5
2515,62630.0,11.2
2516,62640.0,11.6
2517,62660.0,12.5
2518,62670.0,11.3
2519,62680.0,11.9
2520,62700.0,11.4
2521,62710.0,12.2
2522,62720.0,12.0
2523,62730.0,13.5
2524,62740.0,11.7
2525,62750.0,12.0
2526,62780.0,13.1
2527,62790.0,12.3
2528,62800.0,11.7
2529,62810.0,11.1
2530,62820.0,11.9
2531,62830.0,11.4
2532,62840.0,14.4
2533,62880.0,11.7
2534,62910.0,13.0
2535,62920.0,12.2
2536,62930.0,14.0
2537,62940.0,11.7
2538,62950.0,11.6
2539,62970.0,11.8
2540,62980.0,12.2
2541,63000.0,13.3
2542,63110.0,15.3
2543,63112.0,14.3
2544,63118.0,14.6
2545,63119.0,15.1
2546,63120.0,12.2
2547,63122.0,16.2
2548,63130.0,18.4
2549,63140.0,14.9
2550,63160.0,12.5
2551,63170.0,13.8
2552,63190.0,12.5
2553,63200.0,13.9
2554,63260.0,12.3
2555,63270.0,14.1
2556,63290.0,11.8
2557,63300.0,11.6
2558,63350.0,12.8
2559,63360.0,12.4
2560,63370.0,12.8
2561,63400.0,17.0
2562,63430.0,13.5
2563,63460.0,13.0
2564,63500.0,12.5
2565,63510.0,11.6
2566,63530.0,14.2
2567,63540.0,14.6
2568,63570.0,11.6
2569,63600.0,12.8
2570,63670.0,13.3
2571,63700.0,11.1
2572,63720.0,14.3
2573,63730.0,13.4
2574,63780.0,12.7
2575,63800.0,13.4
2576,63830.0,16.0
2577,63870.0,16.0
2578,63910.0,13.4
2579,63920.0,12.9
2580,63960.0,15.9
2581,63970.0,14.5
2582,64000.0,13.8
2583,64100.0,12.4
2584,64110.0,13.7
2585,64121.0,14.9
2586,64122.0,12.5
2587,64130.0,11.7
2588,64140.0,12.9
2589,64150.0,12.4
2590,64160.0,15.0
2591,64170.0,13.1
2592,64200.0,14.4
2593,64210.0,14.0
2594,64230.0,15.1
2595,64240.0,12.0
2596,64250.0,12.3
2597,64260.0,12.1
2598,64270.0,12.3
2599,64290.0,14.6
2600,64300.0,12.7
2601,64310.0,11.3
2602,64320.0,15.1
2603,64340.0,12.5
2604,64360.0,14.1
2605,64400.0,12.1
2606,64480.0,12.7
2607,64500.0,12.6
2608,64510.0,13.8
2609,64530.0,12.6
2610,64600.0,13.9
2611,64700.0,11.9
2612,64800.0,13.3
2613,64990.0,13.1
2614,65000.0,11.6
2615,65100.0,10.8
2616,65200.0,11.5
2617,65290.0,12.6
2618,65300.0,11.8
2619,65310.0,14.7
2620,65320.0,11.9
2621,65380.0,12.3
2622,65400.0,12.5
2623,65420.0,13.2
2624,65430.0,11.8
2625,65500.0,11.5
2626,65600.0,12.4
2627,65690.0,12.5
2628,65700.0,11.0
2629,65800.0,11.9
2630,66000.0,11.8
2631,66110.0,10.7
2632,66130.0,11.1
2633,66140.0,12.4
2634,66150.0,11.5
2635,66160.0,11.4
2636,66170.0,11.4
2637,66180.0,13.7
2638,66190.0,12.3
2639,66200.0,11.1
2640,66240.0,12.5
2641,66250.0,11.1
2642,66270.0,12.4
2643,66280.0,13.0
2644,66300.0,12.0
2645,66330.0,13.5
2646,66350.0,13.3
2647,66370.0,12.1
2648,66380.0,11.9
2649,66390.0,12.0
2650,66400.0,11.5
2651,66410.0,12.2
2652,66420.0,11.6
2653,66430.0,12.2
2654,66440.0,11.7
2655,66450.0,12.3
2656,66470.0,11.9
2657,66480.0,12.2
2658,66500.0,11.0
2659,66510.0,12.1
2660,66530.0,11.9
2661,66540.0,12.8
2662,66600.0,11.2
2663,66650.0,11.5
2664,66660.0,11.1
2665,66670.0,11.6
2666,66680.0,13.8
2667,66690.0,11.7
2668,66700.0,11.5
2669,66740.0,11.5
2670,66750.0,12.2
2671,67000.0,13.4
2672,67110.0,12.8
2673,67114.0,15.7
2674,67115.0,15.0
2675,67116.0,14.7
2676,67117.0,15.1
2677,67120.0,14.0
2678,67130.0,12.1
2679,67140.0,14.2
2680,67150.0,13.3
2681,67160.0,12.6
2682,67170.0,13.6
2683,67190.0,12.8
2684,67201.0,14.2
2685,67202.0,14.7
2686,67203.0,16.0
2687,67204.0,15.8
2688,67205.0,15.6
2689,67210.0,14.5
2690,67230.0,12.7
2691,67240.0,11.6
2692,67250.0,12.8
2693,67260.0,12.8
2694,67270.0,13.8
2695,67300.0,12.5
2696,67310.0,12.6
2697,67330.0,12.8
2698,67340.0,12.7
2699,67350.0,13.2
2700,67370.0,15.6
2701,67380.0,13.3
2702,67390.0,13.6
2703,67400.0,14.1
2704,67410.0,13.4
2705,67440.0,12.7
2706,67450.0,15.6
2707,67460.0,14.8
2708,67470.0,11.9
2709,67480.0,13.8
2710,67490.0,12.8
2711,67500.0,13.5
2712,67520.0,14.4
2713,67530.0,15.2
2714,67540.0,13.7
2715,67550.0,15.4
2716,67560.0,15.4
2717,67580.0,13.2
2718,67590.0,13.7
2719,67600.0,12.9
2720,67610.0,19.1
2721,67620.0,12.3
2722,67630.0,13.3
2723,67640.0,15.8
2724,67650.0,14.4
2725,67660.0,12.5
2726,67680.0,13.4
2727,67700.0,13.0
2728,67720.0,14.1
2729,67730.0,14.3
2730,67750.0,14.5
2731,67760.0,13.9
2732,67770.0,13.4
2733,67800.0,12.2
2734,67810.0,14.7
2735,67820.0,12.9
2736,67840.0,15.1
2737,67850.0,14.0
2738,67860.0,13.0
2739,67870.0,16.7
2740,67960.0,14.3
2741,68000.0,13.3
2742,68040.0,13.4
2743,68100.0,12.1
2744,68110.0,12.3
2745,68120.0,13.2
2746,68127.0,14.2
2747,68128.0,13.3
2748,68130.0,12.5
2749,68140.0,12.0
2750,68150.0,13.2
2751,68160.0,11.8
2752,68170.0,13.6
2753,68180.0,14.3
2754,68190.0,13.6
2755,68210.0,11.6
2756,68220.0,13.8
2757,68230.0,14.0
2758,68240.0,14.0
2759,68250.0,13.4
2760,68260.0,12.5
2761,68270.0,12.3
2762,68280.0,16.0
2763,68290.0,12.7
2764,68300.0,11.9
2765,68310.0,12.4
2766,68330.0,12.1
2767,68350.0,15.4
2768,68360.0,13.0
2769,68370.0,12.9
2770,68390.0,14.1
2771,68400.0,15.2
2772,68440.0,14.0
2773,68460.0,13.7
2774,68500.0,12.1
2775,68510.0,13.1
2776,68530.0,12.6
2777,68540.0,12.7
2778,68550.0,12.9
2779,68560.0,11.7
2780,68570.0,14.3
2781,68600.0,12.6
2782,68680.0,14.0
2783,68700.0,12.6
2784,68720.0,14.7
2785,68730.0,13.2
2786,68740.0,16.2
2787,68790.0,14.5
2788,68800.0,12.5
2789,68840.0,13.6
2790,68850.0,12.5
2791,68870.0,13.1
2792,68910.0,14.8
2793,68920.0,13.6
2794,69000.0,15.9
2795,69001.0,15.9
2796,69002.0,15.9
2797,69003.0,15.9
2798,69004.0,15.9
2799,69005.0,15.9
2800,69006.0,15.9
2801,69007.0,15.9
2802,69008.0,15.9
2803,69009.0,15.9
2804,69100.0,13.6
2805,69110.0,19.0
2806,69120.0,11.4
2807,69124.0,14.2
2808,69126.0,18.2
2809,69130.0,20.5
2810,69140.0,13.5
2811,69150.0,13.2
2812,69160.0,17.4
2813,69170.0,11.3
2814,69190.0,11.4
2815,69200.0,11.8
2816,69210.0,14.0
2817,69220.0,12.4
2818,69230.0,17.0
2819,69240.0,11.3
2820,69250.0,14.3
2821,69260.0,24.3
2822,69270.0,15.7
2823,69280.0,18.0
2824,69290.0,16.5
2825,69300.0,17.2
2826,69310.0,12.7
2827,69320.0,13.4
2828,69330.0,14.4
2829,69340.0,17.4
2830,69350.0,14.1
2831,69360.0,14.7
2832,69370.0,28.8
2833,69380.0,14.9
2834,69390.0,16.9
2835,69400.0,12.5
2836,69410.0,16.7
2837,69420.0,14.4
2838,69430.0,12.5
2839,69440.0,14.4
2840,69450.0,28.0
2841,69470.0,12.5
2842,69480.0,14.8
2843,69490.0,12.7
2844,69500.0,13.9
2845,69510.0,14.5
2846,69520.0,12.8
2847,69530.0,15.8
2848,69540.0,15.3
2849,69550.0,11.8
2850,69570.0,21.0
2851,69580.0,14.2
2852,69590.0,11.8
2853,69600.0,13.8
2854,69620.0,15.2
2855,69630.0,19.5
2856,69650.0,15.3
2857,69660.0,24.6
2858,69670.0,15.9
2859,69680.0,17.1
2860,69690.0,14.6
2861,69700.0,11.9
2862,69720.0,15.3
2863,69730.0,16.2
2864,69740.0,17.7
2865,69760.0,23.7
2866,69780.0,14.9
2867,69800.0,13.2
2868,69830.0,14.0
2869,69850.0,13.5
2870,69890.0,19.8
2871,69910.0,13.0
2872,69960.0,14.3
2873,69970.0,17.6
2874,70000.0,11.4
2875,70100.0,11.3
2876,70170.0,11.5
2877,70190.0,12.8
2878,70200.0,12.2
2879,70220.0,12.1
2880,70250.0,12.0
2881,70290.0,12.8
2882,70300.0,11.4
2883,70400.0,12.6
2884,70800.0,10.5
2885,71100.0,12.4
2886,71120.0,12.1
2887,71130.0,14.3
2888,71140.0,12.5
2889,71150.0,12.1
2890,71160.0,11.5
2891,71170.0,11.8
2892,71200.0,13.0
2893,71210.0,12.3
2894,71230.0,12.9
2895,71240.0,12.0
2896,71250.0,12.8
2897,71300.0,11.8
2898,71360.0,11.6
2899,71370.0,12.4
2900,71380.0,12.7
2901,71390.0,13.6
2902,71400.0,11.9
2903,71410.0,12.2
2904,71420.0,12.5
2905,71450.0,12.3
2906,71500.0,11.2
2907,71530.0,12.8
2908,71570.0,12.6
2909,71590.0,13.0
2910,71600.0,11.7
2911,71640.0,17.2
2912,71670.0,14.0
2913,71680.0,12.8
2914,71700.0,12.4
2915,71710.0,14.3
2916,71850.0,14.6
2917,71870.0,12.2
2918,71880.0,13.4
2919,72000.0,13.5
2920,72110.0,11.4
2921,72120.0,10.9
2922,72130.0,11.1
2923,72140.0,12.0
2924,72160.0,11.5
2925,72170.0,11.8
2926,72190.0,12.4
2927,72200.0,12.0
2928,72210.0,12.4
2929,72220.0,12.2
2930,72230.0,13.0
2931,72250.0,13.3
2932,72300.0,11.9
2933,72310.0,12.5
2934,72320.0,11.8
2935,72330.0,12.7
2936,72360.0,11.8
2937,72380.0,11.8
2938,72400.0,12.5
2939,72430.0,11.7
2940,72440.0,11.3
2941,72450.0,12.3
2942,72460.0,13.5
2943,72470.0,12.4
2944,72500.0,11.2
2945,72530.0,15.9
2946,72540.0,11.7
2947,72560.0,15.0
2948,72600.0,11.4
2949,72650.0,13.8
2950,72700.0,11.4
2951,72800.0,11.1
2952,73000.0,13.2
2953,73100.0,13.8
2954,73110.0,13.3
2955,73140.0,14.0
2956,73160.0,13.1
2957,73170.0,12.6
2958,73190.0,15.2
2959,73200.0,12.6
2960,73210.0,12.9
2961,73230.0,13.3
2962,73240.0,14.0
2963,73250.0,13.5
2964,73260.0,13.5
2965,73270.0,12.5
2966,73290.0,14.4
2967,73300.0,13.9
2968,73320.0,12.7
2969,73350.0,14.2
2970,73370.0,15.6
2971,73400.0,13.3
2972,73410.0,13.9
2973,73420.0,15.0
2974,73440.0,14.4
2975,73490.0,14.0
2976,73500.0,13.3
2977,73540.0,13.2
2978,73600.0,12.7
2979,73700.0,12.9
2980,73800.0,12.5
2981,74000.0,13.6
2982,74100.0,11.5
2983,74110.0,12.3
2984,74120.0,14.0
2985,74130.0,12.5
2986,74140.0,12.5
2987,74150.0,12.7
2988,74160.0,12.5
2989,74170.0,12.9
2990,74190.0,13.9
2991,74200.0,12.9
2992,74210.0,12.9
2993,74230.0,13.1
2994,74240.0,11.7
2995,74250.0,13.6
2996,74290.0,24.4
2997,74300.0,12.7
2998,74310.0,13.4
2999,74320.0,17.3
3000,74330.0,14.1
3001,74340.0,12.7
3002,74350.0,13.2
3003,74370.0,15.3
3004,74380.0,13.5
3005,74400.0,12.8
3006,74410.0,16.4
3007,74440.0,13.4
3008,74450.0,12.6
3009,74460.0,13.6
3010,74490.0,12.3
3011,74500.0,13.2
3012,74520.0,12.2
3013,74540.0,13.0
3014,74560.0,13.5
3015,74570.0,14.1
3016,74580.0,12.9
3017,74600.0,13.9
3018,74650.0,15.0
3019,74700.0,13.4
3020,74800.0,13.6
3021,74890.0,13.0
3022,74910.0,12.5
3023,74920.0,13.8
3024,74930.0,13.7
3025,74940.0,17.2
3026,74950.0,12.8
3027,74960.0,12.7
3028,74970.0,14.2
3029,75000.0,22.2
3030,75001.0,22.2
3031,75002.0,22.2
3032,75003.0,22.2
3033,75004.0,22.2
3034,75005.0,22.2
3035,75006.0,22.2
3036,75007.0,22.2
3037,75008.0,22.2
3038,75009.0,22.2
3039,75010.0,22.2
3040,75011.0,22.2
3041,75012.0,22.2
3042,75013.0,22.2
3043,75014.0,22.2
3044,75015.0,22.2
3045,75016.0,22.2
3046,75017.0,22.2
3047,75018.0,22.2
3048,75019.0,22.2
3049,75020.0,22.2
3050,76000.0,14.1
3051,76110.0,13.5
3052,76120.0,12.2
3053,76130.0,17.9
3054,76133.0,15.4
3055,76140.0,11.9
3056,76150.0,11.8
3057,76160.0,12.1
3058,76170.0,13.2
3059,76190.0,13.1
3060,76200.0,12.4
3061,76210.0,12.3
3062,76220.0,12.0
3063,76230.0,18.0
3064,76240.0,16.2
3065,76250.0,12.1
3066,76260.0,13.9
3067,76270.0,11.7
3068,76280.0,14.4
3069,76290.0,14.9
3070,76300.0,13.1
3071,76310.0,20.5
3072,76320.0,12.3
3073,76330.0,14.5
3074,76340.0,11.9
3075,76350.0,12.5
3076,76360.0,12.7
3077,76380.0,12.0
3078,76390.0,11.5
3079,76400.0,11.9
3080,76410.0,12.6
3081,76420.0,17.0
3082,76430.0,14.9
3083,76440.0,12.3
3084,76450.0,14.3
3085,76460.0,15.8
3086,76470.0,11.8
3087,76480.0,13.1
3088,76490.0,14.4
3089,76500.0,11.9
3090,76510.0,12.3
3091,76520.0,14.8
3092,76530.0,12.8
3093,76550.0,14.4
3094,76560.0,13.4
3095,76570.0,12.6
3096,76580.0,12.7
3097,76600.0,13.5
3098,76630.0,12.6
3099,76640.0,13.3
3100,76650.0,12.9
3101,76680.0,12.2
3102,76700.0,12.5
3103,76710.0,13.5
3104,76760.0,12.5
3105,76770.0,12.0
3106,76800.0,12.3
3107,76810.0,12.8
3108,76880.0,12.4
3109,76910.0,14.0
3110,76920.0,13.4
3111,76930.0,17.9
3112,76940.0,13.4
3113,76960.0,13.4
3114,77000.0,13.1
3115,77090.0,16.3
3116,77100.0,12.8
3117,77111.0,16.4
3118,77120.0,12.6
3119,77124.0,13.8
3120,77127.0,14.2
3121,77130.0,11.9
3122,77135.0,16.6
3123,77140.0,12.7
3124,77144.0,15.4
3125,77150.0,21.0
3126,77160.0,13.0
3127,77164.0,16.3
3128,77165.0,14.7
3129,77166.0,17.5
3130,77169.0,14.2
3131,77170.0,15.0
3132,77173.0,16.8
3133,77176.0,14.0
3134,77177.0,14.5
3135,77178.0,15.4
3136,77181.0,16.5
3137,77183.0,18.9
3138,77184.0,16.0
3139,77185.0,13.9
3140,77186.0,13.8
3141,77190.0,13.5
3142,77200.0,13.8
3143,77210.0,15.6
3144,77220.0,14.3
3145,77230.0,14.2
3146,77240.0,15.7
3147,77250.0,16.3
3148,77260.0,13.4
3149,77270.0,14.2
3150,77280.0,15.7
3151,77290.0,14.4
3152,77300.0,20.0
3153,77310.0,15.3
3154,77320.0,11.7
3155,77330.0,16.9
3156,77340.0,14.8
3157,77350.0,12.8
3158,77360.0,16.5
3159,77370.0,13.1
3160,77380.0,15.3
3161,77390.0,13.9
3162,77400.0,15.8
3163,77410.0,16.1
3164,77420.0,15.4
3165,77430.0,13.2
3166,77440.0,12.3
3167,77450.0,15.9
3168,77460.0,13.3
3169,77470.0,15.0
3170,77480.0,12.5
3171,77500.0,15.0
3172,77510.0,12.4
3173,77515.0,14.4
3174,77520.0,13.6
3175,77540.0,14.7
3176,77550.0,14.0
3177,77570.0,13.5
3178,77580.0,15.8
3179,77590.0,19.4
3180,77600.0,16.4
3181,77610.0,14.1
3182,77620.0,13.9
3183,77640.0,14.2
3184,77670.0,14.9
3185,77680.0,14.6
3186,77690.0,17.8
3187,77700.0,14.4
3188,77720.0,13.7
3189,77760.0,14.3
3190,77780.0,22.1
3191,77810.0,19.1
3192,77820.0,15.5
3193,77850.0,19.1
3194,77860.0,15.8
3195,77870.0,20.3
3196,77920.0,23.6
3197,77930.0,18.2
3198,78000.0,24.7
3199,78100.0,28.0
3200,78110.0,36.3
3201,78112.0,38.6
3202,78114.0,19.3
3203,78120.0,18.1
3204,78130.0,12.4
3205,78140.0,18.6
3206,78150.0,24.6
3207,78160.0,22.2
3208,78170.0,25.1
3209,78180.0,19.5
3210,78190.0,12.2
3211,78200.0,12.8
3212,78210.0,17.1
3213,78220.0,24.2
3214,78230.0,22.6
3215,78240.0,33.7
3216,78250.0,14.3
3217,78260.0,15.8
3218,78270.0,13.6
3219,78280.0,17.9
3220,78290.0,32.7
3221,78300.0,16.7
3222,78310.0,13.8
3223,78320.0,13.4
3224,78330.0,17.2
3225,78340.0,16.3
3226,78350.0,26.9
3227,78360.0,22.6
3228,78370.0,16.5
3229,78380.0,23.9
3230,78390.0,17.2
3231,78400.0,24.5
3232,78410.0,14.4
3233,78420.0,21.7
3234,78430.0,29.7
3235,78440.0,14.6
3236,78450.0,18.8
3237,78460.0,23.7
3238,78470.0,24.3
3239,78480.0,20.0
3240,78490.0,25.0
3241,78500.0,16.0
3242,78510.0,19.9
3243,78520.0,13.2
3244,78530.0,23.7
3245,78540.0,20.9
3246,78550.0,14.5
3247,78560.0,19.3
3248,78570.0,13.7
3249,78580.0,20.9
3250,78590.0,30.0
3251,78600.0,26.1
3252,78610.0,18.1
3253,78620.0,33.6
3254,78630.0,28.6
3255,78640.0,20.9
3256,78650.0,18.2
3257,78660.0,15.8
3258,78670.0,32.0
3259,78680.0,16.3
3260,78690.0,19.2
3261,78700.0,17.2
3262,78710.0,14.8
3263,78730.0,19.3
3264,78740.0,19.4
3265,78750.0,34.5
3266,78760.0,21.5
3267,78780.0,18.9
3268,78790.0,19.1
3269,78800.0,19.1
3270,78810.0,38.7
3271,78820.0,16.8
3272,78840.0,14.3
3273,78860.0,43.3
3274,78870.0,26.8
3275,78890.0,19.3
3276,78910.0,18.7
3277,78920.0,17.1
3278,78930.0,16.1
3279,78940.0,18.9
3280,78950.0,21.5
3281,78955.0,15.4
3282,78960.0,24.4
3283,78970.0,17.1
3284,78990.0,16.5
3285,79000.0,14.9
3286,79100.0,11.1
3287,79110.0,10.9
3288,79140.0,11.1
3289,79160.0,12.6
3290,79180.0,14.7
3291,79200.0,11.1
3292,79210.0,12.8
3293,79230.0,13.2
3294,79250.0,11.2
3295,79260.0,14.0
3296,79270.0,14.3
3297,79300.0,11.9
3298,79320.0,11.5
3299,79330.0,11.6
3300,79370.0,12.2
3301,79380.0,11.1
3302,79400.0,11.5
3303,79410.0,14.9
3304,79460.0,15.8
3305,79500.0,11.9
3306,79510.0,15.0
3307,79600.0,11.9
3308,79700.0,11.6
3309,80000.0,13.0
3310,80100.0,11.9
3311,80110.0,12.6
3312,80120.0,11.5
3313,80130.0,11.2
3314,80136.0,13.2
3315,80170.0,12.1
3316,80190.0,12.3
3317,80200.0,11.9
3318,80210.0,12.3
3319,80220.0,11.4
3320,80230.0,13.0
3321,80250.0,13.3
3322,80260.0,13.5
3323,80270.0,11.9
3324,80290.0,11.8
3325,80300.0,12.4
3326,80330.0,13.2
3327,80350.0,12.0
3328,80380.0,13.4
3329,80390.0,11.6
3330,80400.0,11.6
3331,80410.0,11.0
3332,80420.0,11.2
3333,80440.0,14.2
3334,80450.0,13.7
3335,80470.0,12.1
3336,80480.0,13.9
3337,80500.0,11.8
3338,80600.0,11.8
3339,80610.0,11.5
3340,80630.0,12.2
3341,80650.0,13.1
3342,80700.0,11.9
3343,80800.0,12.5
3344,81000.0,12.9
3345,81100.0,13.1
3346,81120.0,11.8
3347,81130.0,11.3
3348,81150.0,12.9
3349,81160.0,11.6
3350,81200.0,11.6
3351,81210.0,11.3
3352,81230.0,11.7
3353,81290.0,11.6
3354,81300.0,11.3
3355,81310.0,13.0
3356,81360.0,11.4
3357,81370.0,14.2
3358,81380.0,12.2
3359,81390.0,11.6
3360,81400.0,10.3
3361,81500.0,13.3
3362,81540.0,12.7
3363,81570.0,12.9
3364,81580.0,12.0
3365,81600.0,12.5
3366,81660.0,12.3
3367,81700.0,12.9
3368,81710.0,13.7
3369,81800.0,13.8
3370,81990.0,12.9
3371,82000.0,12.8
3372,82100.0,12.0
3373,82130.0,12.1
3374,82170.0,13.3
3375,82200.0,12.1
3376,82210.0,12.2
3377,82240.0,12.0
3378,82290.0,11.1
3379,82300.0,11.5
3380,82350.0,11.8
3381,82370.0,12.8
3382,82400.0,12.7
3383,82410.0,11.8
3384,82500.0,11.7
3385,82600.0,13.3
3386,82700.0,12.7
3387,82710.0,12.9
3388,82800.0,11.8
3389,83000.0,12.6
3390,83110.0,14.7
3391,83120.0,12.3
3392,83130.0,12.8
3393,83136.0,12.6
3394,83140.0,13.6
3395,83143.0,12.8
3396,83149.0,14.2
3397,83150.0,14.7
3398,83160.0,13.0
3399,83170.0,12.1
3400,83190.0,13.6
3401,83200.0,14.5
3402,83210.0,12.7
3403,83220.0,13.7
3404,83230.0,12.8
3405,83240.0,11.8
3406,83250.0,12.7
3407,83260.0,12.8
3408,83270.0,15.1
3409,83300.0,12.2
3410,83310.0,11.9
3411,83320.0,15.8
3412,83330.0,14.1
3413,83340.0,11.8
3414,83350.0,15.4
3415,83390.0,12.6
3416,83400.0,12.6
3417,83420.0,13.0
3418,83430.0,13.1
3419,83440.0,13.4
3420,83460.0,12.4
3421,83470.0,14.4
3422,83480.0,12.5
3423,83490.0,12.1
3424,83500.0,12.3
3425,83510.0,12.7
3426,83520.0,13.3
3427,83550.0,12.2
3428,83560.0,13.9
3429,83570.0,12.1
3430,83580.0,14.4
3431,83590.0,12.0
3432,83600.0,12.7
3433,83630.0,12.0
3434,83640.0,15.4
3435,83660.0,12.0
3436,83670.0,11.8
3437,83690.0,11.9
3438,83700.0,13.3
3439,83720.0,13.2
3440,83740.0,17.3
3441,83780.0,12.7
3442,83790.0,12.3
3443,83830.0,12.4
3444,83860.0,14.7
3445,83870.0,13.4
3446,83890.0,12.9
3447,83910.0,16.2
3448,83920.0,14.0
3449,83980.0,11.6
3450,83990.0,14.3
3451,84000.0,12.3
3452,84100.0,12.8
3453,84110.0,12.4
3454,84120.0,14.0
3455,84130.0,12.4
3456,84150.0,12.6
3457,84160.0,13.3
3458,84170.0,12.4
3459,84190.0,12.6
3460,84200.0,11.9
3461,84210.0,14.4
3462,84220.0,15.1
3463,84230.0,13.7
3464,84240.0,15.2
3465,84250.0,13.6
3466,84260.0,12.4
3467,84270.0,13.3
3468,84290.0,13.1
3469,84300.0,11.6
3470,84310.0,13.7
3471,84320.0,12.9
3472,84330.0,13.1
3473,84340.0,11.4
3474,84350.0,12.7
3475,84360.0,13.9
3476,84370.0,12.9
3477,84380.0,13.1
3478,84400.0,11.5
3479,84410.0,12.6
3480,84420.0,13.6
3481,84430.0,13.4
3482,84440.0,13.0
3483,84450.0,14.8
3484,84460.0,13.6
3485,84470.0,14.3
3486,84490.0,13.1
3487,84500.0,13.2
3488,84510.0,14.0
3489,84530.0,15.2
3490,84550.0,13.9
3491,84600.0,11.7
3492,84700.0,12.2
3493,84740.0,14.7
3494,84800.0,13.1
3495,84810.0,13.0
3496,84830.0,14.3
3497,84840.0,12.7
3498,84850.0,13.3
3499,84860.0,14.2
3500,84870.0,13.4
3501,85000.0,12.7
3502,85100.0,13.0
3503,85110.0,11.5
3504,85120.0,11.4
3505,85130.0,11.3
3506,85140.0,11.4
3507,85150.0,11.5
3508,85160.0,12.0
3509,85170.0,11.8
3510,85180.0,12.6
3511,85190.0,11.7
3512,85200.0,11.9
3513,85210.0,11.5
3514,85220.0,11.0
3515,85230.0,11.2
3516,85250.0,11.5
3517,85260.0,11.8
3518,85270.0,12.3
3519,85280.0,12.2
3520,85290.0,12.2
3521,85300.0,11.7
3522,85310.0,11.8
3523,85320.0,11.7
3524,85330.0,11.7
3525,85340.0,12.2
3526,85350.0,11.8
3527,85360.0,12.3
3528,85370.0,11.2
3529,85400.0,11.3
3530,85430.0,11.4
3531,85440.0,11.7
3532,85460.0,10.9
3533,85470.0,11.5
3534,85480.0,11.8
3535,85490.0,13.5
3536,85500.0,12.1
3537,85510.0,11.5
3538,85520.0,12.3
3539,85530.0,11.5
3540,85550.0,10.8
3541,85560.0,11.5
3542,85590.0,11.4
3543,85600.0,11.7
3544,85610.0,13.3
3545,85620.0,12.1
3546,85640.0,11.6
3547,85660.0,11.7
3548,85670.0,11.2
3549,85700.0,11.2
3550,85710.0,11.7
3551,85750.0,11.6
3552,85800.0,12.0
3553,86000.0,12.6
3554,86100.0,13.1
3555,86110.0,11.5
3556,86130.0,12.4
3557,86140.0,11.9
3558,86170.0,13.1
3559,86180.0,13.2
3560,86190.0,12.8
3561,86200.0,11.2
3562,86210.0,12.3
3563,86220.0,12.1
3564,86240.0,12.5
3565,86280.0,14.7
3566,86300.0,13.3
3567,86320.0,12.9
3568,86340.0,12.9
3569,86360.0,11.9
3570,86370.0,12.4
3571,86380.0,12.9
3572,86400.0,11.3
3573,86440.0,13.8
3574,86480.0,11.6
3575,86500.0,12.4
3576,86530.0,12.7
3577,86540.0,13.5
3578,86550.0,15.7
3579,86580.0,13.9
3580,86600.0,11.8
3581,86800.0,13.0
3582,87000.0,12.6
3583,87110.0,13.3
3584,87120.0,11.7
3585,87170.0,14.3
3586,87200.0,12.3
3587,87220.0,14.4
3588,87240.0,12.3
3589,87250.0,12.2
3590,87270.0,14.1
3591,87290.0,11.5
3592,87300.0,10.9
3593,87350.0,14.1
3594,87400.0,11.9
3595,87410.0,12.9
3596,87430.0,14.5
3597,87480.0,12.2
3598,87500.0,11.6
3599,87510.0,13.5
3600,87520.0,12.0
3601,87570.0,13.9
3602,87590.0,13.9
3603,87600.0,12.8
3604,87700.0,12.7
3605,87800.0,12.2
3606,87920.0,13.6
3607,88000.0,12.8
3608,88100.0,12.1
3609,88110.0,11.7
3610,88120.0,11.7
3611,88130.0,12.2
3612,88140.0,13.2
3613,88150.0,12.5
3614,88160.0,11.1
3615,88190.0,12.0
3616,88200.0,12.4
3617,88210.0,11.4
3618,88220.0,12.3
3619,88230.0,11.2
3620,88250.0,11.8
3621,88290.0,11.1
3622,88300.0,11.5
3623,88310.0,10.8
3624,88340.0,11.5
3625,88350.0,10.7
3626,88360.0,11.6
3627,88390.0,13.4
3628,88400.0,12.1
3629,88420.0,11.3
3630,88440.0,11.7
3631,88450.0,12.3
3632,88470.0,12.8
3633,88480.0,12.5
3634,88500.0,11.8
3635,88510.0,12.6
3636,88550.0,12.1
3637,88580.0,12.0
3638,88600.0,11.4
3639,88640.0,10.8
3640,88650.0,11.8
3641,88700.0,11.4
3642,88800.0,15.1
3643,89000.0,12.3
3644,89100.0,12.5
3645,89130.0,11.5
3646,89140.0,12.4
3647,89200.0,11.6
3648,89210.0,11.1
3649,89240.0,13.5
3650,89300.0,11.8
3651,89330.0,12.5
3652,89340.0,13.2
3653,89370.0,13.2
3654,89380.0,12.9
3655,89400.0,11.4
3656,89470.0,12.8
3657,89500.0,12.0
3658,89600.0,11.0
3659,89700.0,11.1
3660,89800.0,12.7
3661,90000.0,13.8
3662,90100.0,12.1
3663,90200.0,12.7
3664,90300.0,13.8
3665,90350.0,19.1
3666,90400.0,14.0
3667,90500.0,12.4
3668,90600.0,12.5
3669,90700.0,13.9
3670,90800.0,14.2
3671,90850.0,16.1
3672,91000.0,12.8
3673,91070.0,17.0
3674,91080.0,13.9
3675,91090.0,15.7
3676,91100.0,12.6
3677,91120.0,18.5
3678,91130.0,13.7
3679,91140.0,17.2
3680,91150.0,13.1
3681,91160.0,14.9
3682,91170.0,14.4
3683,91180.0,15.0
3684,91190.0,24.9
3685,91200.0,14.5
3686,91210.0,16.9
3687,91220.0,15.1
3688,91230.0,16.8
3689,91240.0,15.1
3690,91250.0,17.1
3691,91260.0,15.6
3692,91270.0,13.9
3693,91280.0,16.4
3694,91290.0,14.6
3695,91300.0,16.2
3696,91310.0,16.6
3697,91320.0,17.4
3698,91330.0,17.5
3699,91350.0,11.2
3700,91360.0,17.7
3701,91370.0,26.1
3702,91380.0,14.8
3703,91390.0,15.9
3704,91400.0,22.2
3705,91410.0,15.2
3706,91420.0,16.2
3707,91430.0,21.2
3708,91440.0,23.1
3709,91450.0,20.9
3710,91460.0,19.1
3711,91470.0,19.4
3712,91480.0,14.7
3713,91490.0,16.8
3714,91510.0,17.4
3715,91520.0,14.8
3716,91530.0,15.9
3717,91540.0,18.5
3718,91550.0,15.7
3719,91560.0,16.3
3720,91570.0,24.2
3721,91580.0,16.0
3722,91590.0,15.7
3723,91600.0,16.3
3724,91610.0,15.6
3725,91620.0,17.3
3726,91630.0,17.3
3727,91640.0,19.1
3728,91650.0,16.5
3729,91660.0,14.6
3730,91670.0,13.2
3731,91680.0,17.2
3732,91700.0,12.8
3733,91710.0,16.6
3734,91720.0,14.7
3735,91740.0,13.3
3736,91750.0,16.5
3737,91760.0,16.6
3738,91770.0,17.5
3739,91790.0,16.3
3740,91800.0,15.8
3741,91810.0,16.9
3742,91820.0,16.9
3743,91830.0,16.4
3744,91850.0,17.1
3745,91860.0,12.7
3746,91940.0,13.6
3747,92000.0,16.1
3748,92100.0,24.4
3749,92110.0,15.8
3750,92120.0,19.4
3751,92130.0,22.1
3752,92140.0,20.4
3753,92150.0,23.3
3754,92160.0,20.8
3755,92170.0,19.9
3756,92190.0,22.8
3757,92200.0,36.7
3758,92210.0,30.0
3759,92220.0,14.2
3760,92230.0,12.7
3761,92240.0,17.4
3762,92250.0,21.9
3763,92260.0,18.9
3764,92270.0,22.0
3765,92290.0,18.3
3766,92300.0,24.0
3767,92310.0,25.5
3768,92320.0,19.4
3769,92330.0,26.2
3770,92340.0,22.3
3771,92350.0,19.8
3772,92370.0,22.1
3773,92380.0,29.2
3774,92390.0,13.1
3775,92400.0,21.9
3776,92410.0,29.1
3777,92420.0,32.8
3778,92500.0,24.7
3779,92600.0,19.6
3780,92700.0,18.1
3781,92800.0,21.3
3782,93000.0,11.3
3783,93100.0,14.9
3784,93110.0,14.3
3785,93120.0,10.9
3786,93130.0,13.1
3787,93140.0,12.8
3788,93150.0,12.2
3789,93160.0,15.2
3790,93170.0,13.9
3791,93190.0,14.3
3792,93200.0,12.6
3793,93220.0,15.1
3794,93230.0,13.7
3795,93240.0,11.5
3796,93250.0,15.5
3797,93260.0,16.7
3798,93270.0,12.3
3799,93290.0,14.7
3800,93300.0,11.4
3801,93310.0,14.9
3802,93320.0,14.5
3803,93330.0,13.9
3804,93340.0,19.1
3805,93350.0,12.6
3806,93360.0,16.6
3807,93370.0,13.8
3808,93380.0,11.6
3809,93390.0,11.5
3810,93400.0,14.1
3811,93410.0,14.8
3812,93420.0,13.2
3813,93430.0,11.3
3814,93440.0,11.8
3815,93450.0,12.9
3816,93460.0,19.2
3817,93470.0,16.4
3818,93500.0,13.5
3819,93600.0,13.4
3820,93700.0,12.6
3821,93800.0,12.5
3822,94000.0,14.3
3823,94100.0,20.7
3824,94110.0,16.3
3825,94120.0,18.1
3826,94130.0,21.8
3827,94140.0,15.0
3828,94150.0,18.3
3829,94160.0,23.2
3830,94170.0,20.0
3831,94190.0,12.1
3832,94200.0,14.0
3833,94220.0,19.8
3834,94230.0,17.4
3835,94240.0,17.1
3836,94250.0,15.4
3837,94260.0,16.0
3838,94270.0,16.1
3839,94290.0,13.8
3840,94300.0,21.7
3841,94310.0,13.2
3842,94320.0,15.6
3843,94340.0,18.8
3844,94350.0,15.7
3845,94360.0,20.0
3846,94370.0,18.1
3847,94380.0,12.9
3848,94400.0,13.4
3849,94410.0,19.5
3850,94420.0,16.4
3851,94430.0,15.8
3852,94440.0,17.6
3853,94450.0,14.4
3854,94460.0,12.0
3855,94470.0,13.9
3856,94480.0,15.3
3857,94490.0,18.5
3858,94500.0,14.7
3859,94510.0,15.7
3860,94520.0,17.4
3861,94550.0,14.9
3862,94600.0,14.2
3863,94700.0,16.9
3864,94800.0,14.6
3865,94880.0,17.6
3866,95000.0,14.2
3867,95100.0,14.0
3868,95110.0,16.3
3869,95120.0,16.4
3870,95130.0,15.2
3871,95140.0,11.3
3872,95150.0,16.1
3873,95160.0,19.6
3874,95170.0,16.4
3875,95180.0,15.9
3876,95190.0,12.4
3877,95200.0,11.7
3878,95210.0,16.3
3879,95220.0,17.5
3880,95230.0,17.4
3881,95240.0,17.9
3882,95250.0,17.9
3883,95260.0,13.3
3884,95270.0,15.1
3885,95280.0,15.5
3886,95290.0,19.0
3887,95300.0,17.2
3888,95310.0,13.8
3889,95320.0,18.7
3890,95330.0,15.5
3891,95340.0,12.2
3892,95350.0,15.7
3893,95360.0,14.2
3894,95370.0,14.5
3895,95380.0,14.1
3896,95390.0,21.3
3897,95400.0,11.4
3898,95410.0,17.2
3899,95420.0,14.5
3900,95430.0,17.7
3901,95440.0,15.3
3902,95460.0,15.5
3903,95470.0,14.4
3904,95480.0,14.4
3905,95490.0,16.3
3906,95500.0,12.6
3907,95520.0,16.2
3908,95530.0,20.0
3909,95540.0,16.3
3910,95550.0,16.6
3911,95560.0,17.2
3912,95570.0,16.2
3913,95580.0,20.5
3914,95590.0,18.1
3915,95600.0,17.7
3916,95610.0,15.7
3917,95620.0,19.0
3918,95630.0,17.2
3919,95640.0,16.3
3920,95660.0,16.5
3921,95670.0,15.9
3922,95680.0,22.1
3923,95700.0,15.3
3924,95740.0,17.3
3925,95800.0,17.3
3926,95820.0,13.8
3927,95870.0,14.2
3928,95880.0,20.4
3929,97100.0,12.9
3930,97110.0,13.1
3931,97111.0,12.8
3932,97112.0,11.7
3933,97113.0,12.4
3934,97114.0,13.1
3935,97115.0,13.1
3936,97116.0,11.5
3937,97117.0,12.0
3938,97118.0,13.9
3939,97119.0,11.6
3940,97120.0,13.7
3941,97121.0,12.0
3942,97122.0,16.2
3943,97123.0,12.0
3944,97125.0,11.6
3945,97126.0,12.3
3946,97128.0,14.4
3947,97129.0,14.0
3948,97130.0,12.2
3949,97131.0,11.9
3950,97134.0,11.4
3951,97139.0,12.7
3952,97160.0,13.0
3953,97170.0,16.6
3954,97180.0,13.4
3955,97190.0,15.5
3956,97200.0,13.7
3957,97211.0,11.8
3958,97212.0,13.4
3959,97213.0,12.0
3960,97214.0,11.3
3961,97215.0,13.7
3962,97217.0,12.9
3963,97218.0,10.9
3964,97220.0,13.0
3965,97221.0,13.6
3966,97222.0,15.3
3967,97223.0,15.5
3968,97224.0,13.8
3969,97225.0,11.7
3970,97227.0,12.4
3971,97228.0,13.6
3972,97229.0,14.9
3973,97230.0,11.9
3974,97231.0,13.4
3975,97232.0,14.0
3976,97233.0,15.8
3977,97240.0,14.5
3978,97250.0,11.5
3979,97260.0,11.9
3980,97270.0,12.4
3981,97280.0,12.7
3982,97290.0,11.6
3983,97300.0,12.8
3984,97310.0,17.6
3985,97311.0,12.7
3986,97320.0,11.2
3987,97351.0,13.3
3988,97354.0,16.8
3989,97355.0,14.4
3990,97400.0,13.9
3991,97410.0,11.9
3992,97412.0,12.0
3993,97413.0,10.4
3994,97414.0,12.3
3995,97419.0,15.1
3996,97420.0,11.9
3997,97425.0,13.4
3998,97426.0,11.4
3999,97427.0,13.2
4000,97429.0,11.9
4001,97430.0,12.0
4002,97431.0,11.9
4003,97433.0,10.4
4004,97436.0,12.6
4005,97438.0,13.4
4006,97439.0,10.9
4007,97440.0,11.8
4008,97441.0,12.9
4009,97460.0,13.5
4010,97470.0,11.7
4011,97480.0,11.3
